date,DSPX
2023-07-26,28.36
2023-07-27,27.39
2023-07-28,26.5
2023-07-31,27.47
2023-08-01,27.27
2023-08-02,27.66
2023-08-03,27.67
2023-08-04,25.59
2023-08-07,26.24
2023-08-08,26.8
2023-08-09,27.27
2023-08-10,26.69
2023-08-11,26.01
2023-08-14,26.77
2023-08-15,27.19
2023-08-16,27.36
2023-08-17,27.16
2023-08-18,27.24
2023-08-21,27.36
2023-08-22,27.68
2023-08-23,27.49
2023-08-24,25.4
2023-08-25,24.49
2023-08-28,24.97
2023-08-29,24.35
2023-08-30,24.38
2023-08-31,24.17
2023-09-01,23.33
2023-09-05,24.21
2023-09-06,23.37
2023-09-07,24.11
2023-09-08,23.15
2023-09-11,23.99
2023-09-12,23.8
2023-09-13,23.2
2023-09-14,22.95
2023-09-15,22.69
2023-09-18,22.99
2023-09-19,23.24
2023-09-20,23.75
2023-09-21,24.69
2023-09-22,24.94
2023-09-25,26.07
2023-09-26,26.64
2023-09-27,26.88
2023-09-28,26.54
2023-09-29,25.81
2023-10-02,27.17
2023-10-03,28.55
2023-10-04,28.7
2023-10-05,28.23
2023-10-06,27.82
2023-10-09,28.66
2023-10-10,28.31
2023-10-11,28.71
2023-10-12,28.79
2023-10-13,29.06
2023-10-16,29.34
2023-10-17,29.03
2023-10-18,30.05
2023-10-19,29.66
2023-10-20,30.18
2023-10-23,30.14
2023-10-24,29.89
2023-10-25,29.71
2023-10-26,29.32
2023-10-27,27.55
2023-10-30,27.72
2023-10-31,27.29
2023-11-01,26.18
2023-11-02,25.04
2023-11-03,24.2
2023-11-06,24.42
2023-11-07,24.27
2023-11-08,23.83
2023-11-09,24.15
2023-11-10,23.99
2023-11-13,24.63
2023-11-14,24.13
2023-11-15,24.81
2023-11-16,24.43
2023-11-17,24.46
2023-11-20,23.41
2023-11-21,23.33
2023-11-22,21.48
2023-11-24,21.55
2023-11-27,21.9
2023-11-28,21.84
2023-11-29,21.9
2023-11-30,21.59
2023-12-01,21.61
2023-12-04,22.87
2023-12-05,22.92
2023-12-06,21.52
2023-12-07,21.27
2023-12-08,20.5
2023-12-11,21.73
2023-12-12,21.13
2023-12-13,21.6
2023-12-14,22.45
2023-12-15,22.56
2023-12-18,22.22
2023-12-19,22.16
2023-12-20,22.69
2023-12-21,22.72
2023-12-22,22.52
2023-12-26,24.42
2023-12-27,24.57
2023-12-28,24.27
2023-12-29,24.08
2024-01-02,25.91
2024-01-03,25.97
2024-01-04,25.97
2024-01-05,25.55
2024-01-08,26.27
2024-01-09,26.38
2024-01-10,27.04
2024-01-11,27.3
2024-01-12,26.57
2024-01-16,27.53
2024-01-17,27.67
2024-01-18,27.65
2024-01-19,27.69
2024-01-22,28.35
2024-01-23,27.97
2024-01-24,28.09
2024-01-25,28.0
2024-01-26,27.51
2024-01-29,28.01
2024-01-30,29.07
2024-01-31,26.75
2024-02-01,26.16
2024-02-02,24.42
2024-02-05,26.37
2024-02-06,25.96
2024-02-07,25.53
2024-02-08,25.73
2024-02-09,25.9
2024-02-12,27.68
2024-02-13,28.05
2024-02-14,28.21
2024-02-15,28.51
2024-02-16,28.84
2024-02-20,28.37
2024-02-21,27.51
2024-02-22,25.15
2024-02-23,25.09
2024-02-26,25.84
2024-02-27,25.42
2024-02-28,25.22
2024-02-29,24.86
2024-03-01,25.65
2024-03-04,27.75
2024-03-05,28.34
2024-03-06,28.73
2024-03-07,30.41
2024-03-08,30.1
2024-03-11,29.42
2024-03-12,30.29
2024-03-13,29.66
2024-03-14,28.63
2024-03-15,28.6
2024-03-18,28.48
2024-03-19,26.27
2024-03-20,25.74
2024-03-21,26.69
2024-03-22,26.71
2024-03-25,28.23
2024-03-26,27.78
2024-03-27,27.45
2024-03-28,27.02
2024-04-01,28.86
2024-04-02,28.49
2024-04-03,28.71
2024-04-04,29.36
2024-04-05,28.75
2024-04-08,29.94
2024-04-09,29.66
2024-04-10,30.86
2024-04-11,30.95
2024-04-12,31.2
2024-04-15,31.55
2024-04-16,31.45
2024-04-17,31.97
2024-04-18,31.84
2024-04-19,32.77
2024-04-22,32.36
2024-04-23,32.02
2024-04-24,32.25
2024-04-25,31.73
2024-04-26,29.43
2024-04-29,30.87
2024-04-30,30.8
2024-05-01,28.99
2024-05-02,28.26
2024-05-03,27.15
2024-05-06,27.56
2024-05-07,27.11
2024-05-08,27.38
2024-05-09,26.72
2024-05-10,26.1
2024-05-13,26.33
2024-05-14,25.98
2024-05-15,26.63
2024-05-16,26.72
2024-05-17,26.37
2024-05-20,26.01
2024-05-21,25.74
2024-05-22,26.05
2024-05-23,24.0
2024-05-24,23.64
2024-05-28,25.93
2024-05-29,26.3
2024-05-30,26.89
2024-05-31,26.53
2024-06-03,27.31
2024-06-04,26.74
2024-06-05,27.32
2024-06-06,27.34
2024-06-07,26.78
2024-06-10,26.09
2024-06-11,26.24
2024-06-12,25.92
2024-06-13,26.87
2024-06-14,27.08
2024-06-17,28.36
2024-06-18,28.45
2024-06-20,29.06
2024-06-21,28.26
2024-06-24,29.57
2024-06-25,29.02
2024-06-26,29.65
2024-06-27,29.76
2024-06-28,29.55
2024-07-01,30.13
2024-07-02,29.78
2024-07-03,30.68
2024-07-05,31.31
2024-07-08,32.54
2024-07-09,32.82
2024-07-10,33.91
2024-07-11,34.49
2024-07-12,33.95
2024-07-15,34.24
2024-07-16,33.54
2024-07-17,34.72
2024-07-18,34.65
2024-07-19,34.42
2024-07-22,34.02
2024-07-23,33.92
2024-07-24,33.51
2024-07-25,34.09
2024-07-26,33.86
2024-07-29,34.54
2024-07-30,35.14
2024-07-31,33.44
2024-08-01,34.79
2024-08-02,35.07
2024-08-05,34.17
2024-08-06,33.71
2024-08-07,33.79
2024-08-08,32.48
2024-08-09,32.64
2024-08-12,32.4
2024-08-13,32.64
2024-08-14,32.24
2024-08-15,31.22
2024-08-16,31.59
2024-08-19,31.99
2024-08-20,32.36
2024-08-21,31.76
2024-08-22,33.28
2024-08-23,32.33
2024-08-26,34.26
2024-08-27,32.83
2024-08-28,33.04
2024-08-29,28.19
2024-08-30,26.93
2024-09-03,28.43
2024-09-04,28.7
2024-09-05,28.92
2024-09-06,29.51
2024-09-09,29.67
2024-09-10,29.68
2024-09-11,29.82
2024-09-12,29.73
2024-09-13,28.68
2024-09-16,28.99
2024-09-17,28.55
2024-09-18,28.31
2024-09-19,27.53
2024-09-20,27.69
2024-09-23,28.07
2024-09-24,28.81
2024-09-25,29.49
2024-09-26,30.06
2024-09-27,30.33
2024-09-30,31.14
2024-10-01,31.28
2024-10-02,31.25
2024-10-03,31.13
2024-10-04,30.75
2024-10-07,31.31
2024-10-08,31.32
2024-10-09,32.24
2024-10-10,32.27
2024-10-11,31.01
2024-10-14,30.9
2024-10-15,31.7
2024-10-16,31.73
2024-10-17,32.07
2024-10-18,31.28
2024-10-21,32.2
2024-10-22,32.9
2024-10-23,33.09
2024-10-24,32.92
2024-10-25,32.8
2024-10-28,33.38
2024-10-29,33.37
2024-10-30,32.68
2024-10-31,31.49
2024-11-01,29.04
2024-11-04,29.4
2024-11-05,29.48
2024-11-06,28.55
2024-11-07,27.94
2024-11-08,27.94
2024-11-11,30.62
2024-11-12,30.88
2024-11-13,30.69
2024-11-14,30.22
2024-11-15,32.32
2024-11-18,31.91
2024-11-19,31.17
2024-11-20,32.83
2024-11-21,28.63
2024-11-22,28.5
2024-11-25,28.04
2024-11-26,26.86
2024-11-27,26.44
2024-11-29,26.43
2024-12-02,27.3
2024-12-03,26.92
2024-12-04,26.79
2024-12-05,27.38
2024-12-06,28.22
2024-12-09,28.82
2024-12-10,28.41
2024-12-11,28.06
2024-12-12,28.03
2024-12-13,28.59
2024-12-16,31.11
2024-12-17,31.47
2024-12-18,29.05
2024-12-19,31.69
2024-12-20,30.42
2024-12-23,29.81
2024-12-24,29.31
2024-12-26,30.74
2024-12-27,30.74
2024-12-30,31.18
2024-12-31,30.92
2025-01-02,30.61
2025-01-03,31.19
2025-01-06,32.91
2025-01-07,31.92
2025-01-08,32.53
2025-01-10,32.37
2025-01-13,33.3
2025-01-14,33.02
2025-01-15,32.29
2025-01-16,31.87
2025-01-17,31.64
2025-01-21,32.36
2025-01-22,32.0
2025-01-23,31.64
2025-01-24,31.67
2025-01-27,36.54
2025-01-28,34.89
2025-01-29,37.23
2025-01-30,35.18
2025-01-31,34.75
2025-02-03,34.81
2025-02-04,33.69
2025-02-05,32.78
2025-02-06,31.53
2025-02-07,31.43
2025-02-10,31.58
2025-02-11,31.52
2025-02-12,31.6
2025-02-13,31.65
2025-02-14,31.28
2025-02-18,32.57
2025-02-19,32.11
2025-02-20,31.88
2025-02-21,33.05
2025-02-24,34.11
2025-02-25,35.45
2025-02-26,34.05
2025-02-27,33.3
2025-02-28,32.26
2025-03-03,33.8
2025-03-04,34.55
2025-03-05,33.06
2025-03-06,33.49
2025-03-07,32.63
2025-03-10,36.17
2025-03-11,35.82
2025-03-12,34.31
2025-03-13,34.43
2025-03-14,32.22
2025-03-17,31.94
2025-03-18,32.14
2025-03-19,30.99
2025-03-20,31.01
2025-03-21,30.18
2025-03-24,30.58
2025-03-25,30.65
2025-03-26,31.91
2025-03-27,32.26
2025-03-28,33.26
2025-03-31,34.22
2025-04-01,33.93
2025-04-02,33.88
2025-04-03,36.59
2025-04-04,41.51
2025-04-07,43.15
2025-04-08,46.35
2025-04-09,39.46
2025-04-10,46.53
2025-04-11,43.2
2025-04-14,42.14
2025-04-15,38.09
2025-04-16,39.78
2025-04-17,38.94
2025-04-21,39.99
2025-04-22,38.28
2025-04-23,37.2
2025-04-24,35.9
2025-04-25,34.6
2025-04-28,35.73
2025-04-29,35.22
2025-04-30,35.54
2025-05-01,33.49
2025-05-02,31.76
2025-05-05,32.05
2025-05-06,31.38
2025-05-07,32.69
2025-05-08,31.84
2025-05-09,31.52
2025-05-12,30.88
2025-05-13,31.78
2025-05-14,33.63
2025-05-15,33.37
2025-05-16,33.62
2025-05-19,33.2
2025-05-20,32.99
2025-05-21,33.42
2025-05-22,33.18
2025-05-23,32.9
2025-05-27,33.63
2025-05-28,33.34
2025-05-29,31.04
2025-05-30,30.58
2025-06-02,30.34
2025-06-03,30.14
2025-06-04,30.33
2025-06-05,31.49
2025-06-06,29.62
2025-06-09,29.4
2025-06-10,29.29
2025-06-11,27.87
2025-06-12,26.9
2025-06-13,26.61
2025-06-16,27.06
2025-06-17,26.89
2025-06-18,27.18
2025-06-20,27.16
2025-06-23,27.12
2025-06-24,27.52
2025-06-25,28.72
2025-06-26,29.07
2025-06-27,29.47
2025-06-30,30.23
2025-07-01,30.39
2025-07-02,30.25
2025-07-03,29.72
2025-07-07,31.69
2025-07-08,31.72
2025-07-09,31.65
2025-07-10,32.02
2025-07-11,31.82
2025-07-14,32.28
2025-07-15,32.3
2025-07-16,31.93
2025-07-17,31.89
2025-07-18,31.46
2025-07-21,31.36
2025-07-22,32.13
2025-07-23,32.41
2025-07-24,30.43
2025-07-25,29.88
2025-07-28,30.6
2025-07-29,30.71
2025-07-30,30.65
2025-07-31,30.93
2025-08-01,28.8
2025-08-04,29.95
2025-08-05,29.43
2025-08-06,28.73
2025-08-07,29.0
2025-08-08,28.59
2025-08-11,29.47
2025-08-12,29.35
2025-08-13,29.73
2025-08-14,29.63
2025-08-15,29.9
2025-08-18,29.39
2025-08-19,30.35
2025-08-20,29.98
2025-08-21,29.95
2025-08-22,29.86
2025-08-25,30.46
2025-08-26,30.51
2025-08-27,30.31
2025-08-28,27.58
2025-08-29,27.68
2025-09-02,27.95
2025-09-03,27.62
2025-09-04,26.9
2025-09-05,27.28
2025-09-08,27.43
2025-09-09,27.54
2025-09-10,27.4
2025-09-11,27.14
2025-09-12,27.35
2025-09-15,29.09
2025-09-16,29.26
2025-09-17,29.14
2025-09-18,29.88
2025-09-19,29.85
2025-09-22,32.02
2025-09-23,32.19
2025-09-24,32.14
2025-09-25,32.38
2025-09-26,31.9
2025-09-29,33.04
2025-09-30,33.79
2025-10-01,34.47
2025-10-02,34.33
2025-10-03,34.39
2025-10-06,37.15
2025-10-07,36.38
2025-10-08,37.51
2025-10-09,37.68
2025-10-10,38.96
2025-10-13,38.81
2025-10-14,38.65
2025-10-15,37.81
2025-10-16,37.28
2025-10-17,37.81
2025-10-20,38.35
2025-10-21,37.95
2025-10-22,38.03
2025-10-23,36.84
2025-10-24,36.67
2025-10-27,38.43
2025-10-28,38.8
2025-10-29,40.46
2025-10-30,36.63
2025-10-31,36.03
2025-11-03,36.13
2025-11-04,35.31
2025-11-05,35.11
2025-11-06,35.62
2025-11-07,35.35
2025-11-10,35.03
2025-11-11,34.49
2025-11-12,33.46
2025-11-13,34.14
2025-11-14,33.51
2025-11-17,34.09
2025-11-18,34.93
2025-11-19,35.24
2025-11-20,35.28
2025-11-21,34.9
2025-11-24,33.14
2025-11-25,33.82
2025-11-26,32.41
2025-11-28,32.07
2025-12-01,31.94
2025-12-02,31.69
2025-12-03,32.01
2025-12-04,31.52
2025-12-05,31.0
2025-12-08,31.24
2025-12-09,30.6
2025-12-10,29.24
2025-12-11,29.09
2025-12-12,27.86
2025-12-15,28.06
2025-12-16,27.87
2025-12-17,28.27
2025-12-18,28.08
2025-12-19,27.79
2025-12-22,28.31
2025-12-23,28.04
2025-12-24,28.24
2025-12-26,29.01
2025-12-29,29.76
2025-12-30,29.54
2025-12-31,29.54
2026-01-02,30.91
2026-01-05,31.95
2026-01-06,32.1
2026-01-07,33.24
2026-01-08,33.43
2026-01-09,33.2
2026-01-12,33.81
2026-01-13,33.96
2026-01-14,34.01
2026-01-15,33.76
2026-01-16,33.1
2026-01-20,34.6
2026-01-21,34.64
2026-01-22,34.66
2026-01-23,34.82
2026-01-26,35.81
2026-01-27,36.08
2026-01-28,36.89
2026-01-29,36.16
2026-01-30,34.99
2026-02-02,35.76
2026-02-03,37.09
2026-02-04,37.61
2026-02-05,37.86
2026-02-06,35.68
2026-02-09,35.66
2026-02-10,34.94
2026-02-11,34.94
2026-02-12,36.84
2026-02-13,36.13
2026-02-17,37.11
2026-02-18,36.47
2026-02-19,35.93
2026-02-20,35.92
2026-02-23,37.47
2026-02-24,37.6
2026-02-25,37.2
2026-02-26,35.06
2026-02-27,35.88
2026-03-02,35.55
2026-03-03,34.81
2026-03-04,34.65
2026-03-05,33.13
2026-03-06,32.75
2026-03-09,32.33
2026-03-10,31.25
2026-03-11,30.22
2026-03-12,30.41
2026-03-13,30.11
2026-03-16,31.01
2026-03-17,28.95
2026-03-18,29.3
2026-03-19,30.22
2026-03-20,30.29
2026-03-23,29.67
2026-03-24,30.26
2026-03-25,31.08
2026-03-26,31.56
2026-03-27,31.87
2026-03-30,33.56
2026-03-31,33.68
2026-04-01,33.46
2026-04-02,33.39
2026-04-06,34.16
2026-04-07,34.4
2026-04-08,35.51
2026-04-09,36.39
2026-04-10,36.47
2026-04-13,37.26
2026-04-14,37.47
2026-04-15,38.29
2026-04-16,37.83
2026-04-17,36.62
2026-04-20,36.88
2026-04-21,37.61
2026-04-22,38.48
2026-04-23,38.15
2026-04-24,38.85
2026-04-27,40.65
2026-04-28,39.75
2026-04-29,40.16
2026-04-30,37.05
2026-05-01,35.83
2026-05-04,35.85
2026-05-05,37.17
2026-05-06,37.23
2026-05-07,36.94
2026-05-08,38.37
2026-05-11,40.49
2026-05-12,40.07
2026-05-13,40.76
2026-05-14,40.58
2026-05-15,38.99
2026-05-18,39.13
2026-05-19,38.66
2026-05-20,39.22
2026-05-21,37.45
2026-05-22,36.95
2026-05-26,40.27
2026-05-27,40.48
2026-05-28,40.11
2026-05-29,42.01
2026-06-01,44.07
2026-06-02,43.99
2026-06-03,43.7
2026-06-04,41.01
2026-06-05,40.27
2026-06-08,41.18
2026-06-09,40.98
2026-06-10,39.67
2026-06-11,40.82
2026-06-12,40.6
2026-06-15,41.13
2026-06-16,39.73
2026-06-17,40.31
2026-06-18,41.93
2026-06-22,43.55
2026-06-23,42.08
2026-06-24,42.26
2026-06-25,42.86
2026-06-26,42.49
2026-06-29,44.13
2026-06-30,44.44
2026-07-01,44.34
2026-07-02,44.8
2026-07-06,46.3
2026-07-07,45.88
2026-07-08,47.15
2026-07-09,47.41
2026-07-10,46.6
2026-07-13,46.87
2026-07-14,47.37
2026-07-15,46.77
2026-07-16,46.53
2026-07-17,46.94
2026-07-20,47.15
2026-07-21,47.51
2026-07-22,47.26
2026-07-23,45.78
2026-07-24,44.09
2026-07-27,44.62
2026-07-28,44.17
2026-07-29,43.37
2026-07-30,42.89
2026-07-31,41.42
2026-08-03,42.17
2026-08-04,42.68
2026-08-05,40.55
2026-08-06,38.7
2026-08-07,36.74
2026-08-10,36.63
2026-08-11,35.32
2026-08-12,34.81
2026-08-13,34.79
2026-08-14,33.45
2026-08-17,34.46
2026-08-18,34.31
2026-08-19,34.86
2026-08-20,34.9
2026-08-21,34.81
2026-08-24,34.69
2026-08-25,34.66
2026-08-26,34.75
2026-08-27,33.52
2026-08-28,32.19
2026-08-31,32.55
2026-09-01,32.34
2026-09-02,32.35
2026-09-03,32.16
2026-09-04,32.73
2026-09-08,34.51
2026-09-09,32.92
2026-09-10,31.59
2026-09-11,30.58
2026-09-14,31.69
2026-09-15,31.81
2026-09-16,31.99
2026-09-17,32.91
2026-09-18,33.19
2026-09-21,35.79
2026-09-22,36.38
2026-09-23,36.15
2026-09-24,35.94
2026-09-25,35.49
2026-09-28,36.03
2026-09-29,36.31
2026-09-30,36.25
2026-10-01,35.57
