date,VXN
2023-08-02,22.13
2023-08-03,22.08
2023-08-04,22.02
2023-08-07,20.82
2023-08-08,21.07
2023-08-09,21.5
2023-08-10,21.03
2023-08-11,20.45
2023-08-14,20.2
2023-08-15,21.37
2023-08-16,22.08
2023-08-17,22.71
2023-08-18,22.01
2023-08-21,21.89
2023-08-22,21.82
2023-08-23,21.36
2023-08-24,22.58
2023-08-25,20.88
2023-08-28,20.39
2023-08-29,19.33
2023-08-30,19.07
2023-08-31,18.74
2023-09-01,18.41
2023-09-05,19.4
2023-09-06,19.79
2023-09-07,19.95
2023-09-08,19.15
2023-09-11,18.84
2023-09-12,19.21
2023-09-13,18.07
2023-09-14,17.25
2023-09-15,18.69
2023-09-18,18.96
2023-09-19,19.21
2023-09-20,20.46
2023-09-21,22.48
2023-09-22,22.01
2023-09-25,21.65
2023-09-26,22.87
2023-09-27,22.34
2023-09-28,21.53
2023-09-29,21.28
2023-10-02,21.51
2023-10-03,23.77
2023-10-04,22.68
2023-10-05,22.76
2023-10-06,21.41
2023-10-09,21.82
2023-10-10,21.13
2023-10-11,20.16
2023-10-12,20.63
2023-10-13,22.75
2023-10-16,21.39
2023-10-17,21.96
2023-10-18,23.44
2023-10-19,24.74
2023-10-20,25.31
2023-10-23,23.97
2023-10-24,22.34
2023-10-25,24.34
2023-10-26,24.85
2023-10-27,24.44
2023-10-30,23.61
2023-10-31,22.46
2023-11-01,20.68
2023-11-02,19.54
2023-11-03,18.62
2023-11-06,18.65
2023-11-07,18.45
2023-11-08,18.16
2023-11-09,19.01
2023-11-10,17.95
2023-11-13,18.82
2023-11-14,17.89
2023-11-15,18.09
2023-11-16,17.83
2023-11-17,17.41
2023-11-20,17.14
2023-11-21,17.55
2023-11-22,16.66
2023-11-24,16.12
2023-11-27,16.44
2023-11-28,16.15
2023-11-29,16.52
2023-11-30,16.72
2023-12-01,16.21
2023-12-04,17.21
2023-12-05,16.99
2023-12-06,17.03
2023-12-07,17.08
2023-12-08,15.94
2023-12-11,16.27
2023-12-12,15.38
2023-12-13,15.35
2023-12-14,15.42
2023-12-15,15.47
2023-12-18,15.87
2023-12-19,15.8
2023-12-20,16.98
2023-12-21,17.18
2023-12-22,16.62
2023-12-26,17.0
2023-12-27,16.22
2023-12-28,16.36
2023-12-29,16.2
2024-01-02,17.59
2024-01-03,18.02
2024-01-04,17.89
2024-01-05,17.13
2024-01-08,16.86
2024-01-09,16.55
2024-01-10,16.6
2024-01-11,16.4
2024-01-12,16.54
2024-01-16,17.87
2024-01-17,18.7
2024-01-18,17.95
2024-01-19,17.4
2024-01-22,17.2
2024-01-23,16.55
2024-01-24,16.96
2024-01-25,17.26
2024-01-26,17.03
2024-01-29,17.39
2024-01-30,17.57
2024-01-31,18.25
2024-02-01,17.33
2024-02-02,17.22
2024-02-05,17.57
2024-02-06,17.31
2024-02-07,16.94
2024-02-08,16.96
2024-02-09,16.86
2024-02-12,18.09
2024-02-13,19.49
2024-02-14,18.26
2024-02-15,17.85
2024-02-16,18.6
2024-02-20,19.78
2024-02-21,19.6
2024-02-22,18.39
2024-02-23,17.7
2024-02-26,17.83
2024-02-27,17.58
2024-02-28,17.86
2024-02-29,17.21
2024-03-01,17.2
2024-03-04,17.6
2024-03-05,18.46
2024-03-06,18.54
2024-03-07,18.61
2024-03-08,19.04
2024-03-11,19.37
2024-03-12,18.13
2024-03-13,17.91
2024-03-14,18.61
2024-03-15,19.25
2024-03-18,19.4
2024-03-19,18.78
2024-03-20,17.55
2024-03-21,17.38
2024-03-22,17.04
2024-03-25,17.23
2024-03-26,17.1
2024-03-27,16.61
2024-03-28,16.66
2024-04-01,17.56
2024-04-02,18.18
2024-04-03,18.04
2024-04-04,19.95
2024-04-05,19.23
2024-04-08,18.77
2024-04-09,18.56
2024-04-10,18.99
2024-04-11,18.4
2024-04-12,20.39
2024-04-15,22.84
2024-04-16,22.01
2024-04-17,22.21
2024-04-18,21.64
2024-04-19,22.95
2024-04-22,21.11
2024-04-23,19.84
2024-04-24,20.43
2024-04-25,20.37
2024-04-26,19.33
2024-04-29,19.22
2024-04-30,18.43
2024-05-01,19.43
2024-05-02,18.73
2024-05-03,17.4
2024-05-06,17.42
2024-05-07,16.91
2024-05-08,16.8
2024-05-09,16.67
2024-05-10,16.46
2024-05-13,17.4
2024-05-14,17.29
2024-05-15,16.34
2024-05-16,16.26
2024-05-17,15.85
2024-05-20,15.92
2024-05-21,15.51
2024-05-22,16.4
2024-05-23,16.46
2024-05-24,15.66
2024-05-28,16.57
2024-05-29,17.49
2024-05-30,17.77
2024-05-31,16.7
2024-06-03,16.89
2024-06-04,16.86
2024-06-05,16.63
2024-06-06,16.43
2024-06-07,15.88
2024-06-10,16.0
2024-06-11,15.83
2024-06-12,13.59
2024-06-13,15.1
2024-06-14,16.05
2024-06-17,16.83
2024-06-18,16.7
2024-06-20,17.26
2024-06-21,16.95
2024-06-24,17.24
2024-06-25,16.7
2024-06-26,16.5
2024-06-27,16.29
2024-06-28,16.24
2024-07-01,16.08
2024-07-02,16.07
2024-07-03,16.28
2024-07-05,16.76
2024-07-08,17.03
2024-07-09,17.02
2024-07-10,17.28
2024-07-11,17.92
2024-07-12,17.26
2024-07-15,18.35
2024-07-16,18.35
2024-07-17,20.46
2024-07-18,21.26
2024-07-19,21.51
2024-07-22,19.97
2024-07-23,20.02
2024-07-24,23.06
2024-07-25,24.11
2024-07-26,22.41
2024-07-29,22.83
2024-07-30,23.94
2024-07-31,22.29
2024-08-01,24.71
2024-08-02,27.71
2024-08-05,35.1
2024-08-06,29.2
2024-08-07,29.02
2024-08-08,26.88
2024-08-09,24.94
2024-08-12,24.93
2024-08-13,23.26
2024-08-14,21.19
2024-08-15,20.28
2024-08-16,19.94
2024-08-19,19.93
2024-08-20,21.11
2024-08-21,21.22
2024-08-22,22.83
2024-08-23,21.11
2024-08-26,21.57
2024-08-27,20.91
2024-08-28,22.58
2024-08-29,20.58
2024-08-30,19.29
2024-09-03,23.59
2024-09-04,24.2
2024-09-05,23.54
2024-09-06,25.64
2024-09-09,23.92
2024-09-10,23.62
2024-09-11,22.16
2024-09-12,21.73
2024-09-13,21.28
2024-09-16,22.51
2024-09-17,22.69
2024-09-18,22.71
2024-09-19,21.09
2024-09-20,20.35
2024-09-23,19.54
2024-09-24,19.25
2024-09-25,19.07
2024-09-26,19.29
2024-09-27,20.04
2024-09-30,20.19
2024-10-01,21.67
2024-10-02,21.35
2024-10-03,22.48
2024-10-04,21.64
2024-10-07,24.34
2024-10-08,23.62
2024-10-09,23.42
2024-10-10,23.6
2024-10-11,23.29
2024-10-14,23.32
2024-10-15,24.54
2024-10-16,23.64
2024-10-17,22.85
2024-10-18,21.76
2024-10-21,21.96
2024-10-22,22.03
2024-10-23,22.92
2024-10-24,22.47
2024-10-25,23.24
2024-10-28,22.93
2024-10-29,22.44
2024-10-30,23.09
2024-10-31,24.86
2024-11-01,23.74
2024-11-04,23.88
2024-11-05,22.5
2024-11-06,18.86
2024-11-07,18.35
2024-11-08,17.88
2024-11-11,18.37
2024-11-12,18.12
2024-11-13,17.5
2024-11-14,17.7
2024-11-15,19.83
2024-11-18,19.77
2024-11-19,19.99
2024-11-20,20.85
2024-11-21,20.21
2024-11-22,18.57
2024-11-25,17.59
2024-11-26,16.8
2024-11-27,16.68
2024-11-29,16.07
2024-12-02,16.12
2024-12-03,15.76
2024-12-04,15.69
2024-12-05,15.69
2024-12-06,15.15
2024-12-09,16.55
2024-12-10,16.54
2024-12-11,15.88
2024-12-12,16.36
2024-12-13,16.61
2024-12-16,18.44
2024-12-17,19.44
2024-12-18,27.63
2024-12-19,26.33
2024-12-20,21.49
2024-12-23,19.03
2024-12-24,17.03
2024-12-26,17.53
2024-12-27,18.54
2024-12-30,19.79
2024-12-31,19.92
2025-01-02,20.5
2025-01-03,19.12
2025-01-06,19.0
2025-01-07,20.73
2025-01-08,20.69
2025-01-10,21.73
2025-01-13,21.8
2025-01-14,21.45
2025-01-15,19.29
2025-01-16,19.61
2025-01-17,18.96
2025-01-21,18.64
2025-01-22,18.68
2025-01-23,18.38
2025-01-24,18.22
2025-01-27,21.61
2025-01-28,20.31
2025-01-29,20.6
2025-01-30,19.8
2025-01-31,20.11
2025-02-03,21.28
2025-02-04,20.03
2025-02-05,19.18
2025-02-06,18.58
2025-02-07,19.18
2025-02-10,18.84
2025-02-11,18.77
2025-02-12,18.69
2025-02-13,18.41
2025-02-14,18.03
2025-02-18,19.23
2025-02-19,19.0
2025-02-20,18.9
2025-02-21,20.96
2025-02-24,21.46
2025-02-25,21.98
2025-02-26,21.94
2025-02-27,24.09
2025-02-28,22.66
2025-03-03,24.96
2025-03-04,25.22
2025-03-05,24.26
2025-03-06,26.23
2025-03-07,25.55
2025-03-10,28.84
2025-03-11,28.7
2025-03-12,26.82
2025-03-13,27.58
2025-03-14,25.79
2025-03-17,25.04
2025-03-18,25.85
2025-03-19,23.62
2025-03-20,23.38
2025-03-21,22.92
2025-03-24,21.27
2025-03-25,20.57
2025-03-26,22.04
2025-03-27,22.41
2025-03-28,25.06
2025-03-31,25.37
2025-04-01,24.8
2025-04-02,23.65
2025-04-03,30.57
2025-04-04,37.65
2025-04-07,38.64
2025-04-08,39.56
2025-04-09,34.8
2025-04-10,43.25
2025-04-11,39.95
2025-04-14,34.33
2025-04-15,32.71
2025-04-16,35.38
2025-04-17,32.83
2025-04-21,36.87
2025-04-22,33.98
2025-04-23,31.83
2025-04-24,29.96
2025-04-25,28.37
2025-04-28,28.54
2025-04-29,27.6
2025-04-30,27.8
2025-05-01,27.69
2025-05-02,25.73
2025-05-05,26.54
2025-05-06,27.11
2025-05-07,26.49
2025-05-08,25.97
2025-05-09,25.5
2025-05-12,22.28
2025-05-13,22.28
2025-05-14,22.66
2025-05-15,21.89
2025-05-16,21.2
2025-05-19,21.95
2025-05-20,22.07
2025-05-21,24.2
2025-05-22,23.63
2025-05-23,25.29
2025-05-27,22.32
2025-05-28,22.76
2025-05-29,21.8
2025-05-30,20.87
2025-06-02,19.43
2025-06-03,18.74
2025-06-04,19.01
2025-06-05,21.48
2025-06-06,19.81
2025-06-09,20.17
2025-06-10,19.82
2025-06-11,20.38
2025-06-12,20.69
2025-06-13,22.41
2025-06-16,21.09
2025-06-17,23.31
2025-06-18,22.14
2025-06-20,22.23
2025-06-23,21.15
2025-06-24,19.46
2025-06-25,19.0
2025-06-26,18.99
2025-06-27,18.89
2025-06-30,19.56
2025-07-01,19.88
2025-07-02,19.74
2025-07-03,19.47
2025-07-07,20.68
2025-07-08,19.53
2025-07-09,18.71
2025-07-10,18.76
2025-07-11,19.04
2025-07-14,19.78
2025-07-15,19.74
2025-07-16,19.54
2025-07-17,18.67
2025-07-18,18.61
2025-07-21,18.71
2025-07-22,18.95
2025-07-23,17.94
2025-07-24,17.72
2025-07-25,17.16
2025-07-28,17.27
2025-07-29,18.21
2025-07-30,17.32
2025-07-31,19.23
2025-08-01,21.54
2025-08-04,19.24
2025-08-05,19.87
2025-08-06,18.77
2025-08-07,18.82
2025-08-08,17.29
2025-08-11,18.17
2025-08-12,16.84
2025-08-13,16.73
2025-08-14,17.08
2025-08-15,17.5
2025-08-18,17.75
2025-08-19,19.39
2025-08-20,20.0
2025-08-21,20.55
2025-08-22,18.06
2025-08-25,18.42
2025-08-26,18.19
2025-08-27,18.69
2025-08-28,17.62
2025-08-29,19.11
2025-09-02,20.36
2025-09-03,19.69
2025-09-04,18.79
2025-09-05,18.44
2025-09-08,18.35
2025-09-09,18.22
2025-09-10,18.62
2025-09-11,18.23
2025-09-12,18.18
2025-09-15,19.12
2025-09-16,19.57
2025-09-17,19.02
2025-09-18,18.86
2025-09-19,18.74
2025-09-22,19.42
2025-09-23,20.13
2025-09-24,19.93
2025-09-25,20.54
2025-09-26,19.33
2025-09-29,19.87
2025-09-30,20.0
2025-10-01,19.87
2025-10-02,20.01
2025-10-03,20.08
2025-10-06,20.4
2025-10-07,20.82
2025-10-08,20.02
2025-10-09,20.04
2025-10-10,25.23
2025-10-13,22.8
2025-10-14,24.28
2025-10-15,24.42
2025-10-16,28.26
2025-10-17,24.97
2025-10-20,22.64
2025-10-21,22.59
2025-10-22,23.3
2025-10-23,21.72
2025-10-24,20.61
2025-10-27,20.5
2025-10-28,21.31
2025-10-29,21.76
2025-10-30,21.66
2025-10-31,21.99
2025-11-03,21.73
2025-11-04,23.3
2025-11-05,22.6
2025-11-06,24.64
2025-11-07,24.58
2025-11-10,22.62
2025-11-11,22.67
2025-11-12,23.06
2025-11-13,25.88
2025-11-14,26.15
2025-11-17,28.16
2025-11-18,30.51
2025-11-19,29.3
2025-11-20,32.72
2025-11-21,28.95
2025-11-24,25.57
2025-11-25,23.67
2025-11-26,22.26
2025-11-28,21.17
2025-12-01,22.06
2025-12-02,21.28
2025-12-03,20.65
2025-12-04,20.19
2025-12-05,19.62
2025-12-08,20.75
2025-12-09,20.76
2025-12-10,19.67
2025-12-11,18.4
2025-12-12,20.62
2025-12-15,20.71
2025-12-16,20.19
2025-12-17,21.78
2025-12-18,20.72
2025-12-19,18.52
2025-12-22,17.85
2025-12-23,17.47
2025-12-24,17.2
2025-12-26,17.38
2025-12-29,18.39
2025-12-30,18.95
2025-12-31,19.56
2026-01-02,19.75
2026-01-05,20.01
2026-01-06,19.53
2026-01-07,20.03
2026-01-08,20.15
2026-01-09,19.06
2026-01-12,19.53
2026-01-13,20.05
2026-01-14,20.96
2026-01-15,20.2
2026-01-16,20.29
2026-01-20,24.26
2026-01-21,21.19
2026-01-22,20.08
2026-01-23,20.37
2026-01-26,20.43
2026-01-27,20.55
2026-01-28,20.37
2026-01-29,21.44
2026-01-30,22.52
2026-02-02,21.23
2026-02-03,23.45
2026-02-04,26.01
2026-02-05,29.19
2026-02-06,24.3
2026-02-09,23.42
2026-02-10,23.46
2026-02-11,23.26
2026-02-12,26.87
2026-02-13,26.37
2026-02-17,25.98
2026-02-18,24.96
2026-02-19,25.64
2026-02-20,24.23
2026-02-23,26.36
2026-02-24,24.82
2026-02-25,22.94
2026-02-26,23.61
2026-02-27,24.52
2026-03-02,25.4
2026-03-03,27.51
2026-03-04,24.87
2026-03-05,26.0
2026-03-06,31.44
2026-03-09,27.69
2026-03-10,27.33
2026-03-11,26.82
2026-03-12,29.83
2026-03-13,29.87
2026-03-16,26.32
2026-03-17,24.66
2026-03-18,27.72
2026-03-19,26.9
2026-03-20,29.2
2026-03-23,27.98
2026-03-24,28.74
2026-03-25,27.65
2026-03-26,29.86
2026-03-27,33.54
2026-03-30,33.26
2026-03-31,28.24
2026-04-01,27.56
2026-04-02,27.04
2026-04-06,27.39
2026-04-07,28.43
2026-04-08,25.24
2026-04-09,23.5
2026-04-10,23.09
2026-04-13,22.19
2026-04-14,21.8
2026-04-15,22.25
2026-04-16,22.18
2026-04-17,21.57
2026-04-20,22.93
2026-04-21,23.8
2026-04-22,23.58
2026-04-23,23.32
2026-04-24,23.38
2026-04-27,23.08
2026-04-28,23.24
2026-04-29,23.76
2026-04-30,21.79
2026-05-01,21.92
2026-05-04,23.04
2026-05-05,22.46
2026-05-06,23.58
2026-05-07,23.15
2026-05-08,23.76
2026-05-11,24.74
2026-05-12,24.13
2026-05-13,24.59
2026-05-14,24.08
2026-05-15,25.33
2026-05-18,24.21
2026-05-19,24.09
2026-05-20,23.71
2026-05-21,22.74
2026-05-22,22.82
2026-05-26,23.9
2026-05-27,23.39
2026-05-28,22.92
2026-05-29,22.58
2026-06-01,23.18
2026-06-02,23.27
2026-06-03,23.84
2026-06-04,23.22
2026-06-05,30.47
2026-06-08,27.12
2026-06-09,29.78
2026-06-10,32.68
2026-06-11,30.44
2026-06-12,27.27
2026-06-15,25.92
2026-06-16,26.95
2026-06-17,28.56
2026-06-18,26.31
2026-06-22,27.67
2026-06-23,32.37
2026-06-24,30.18
2026-06-25,30.91
2026-06-26,30.82
2026-06-29,29.37
2026-06-30,27.11
2026-07-01,27.69
2026-07-02,27.98
2026-07-06,26.81
2026-07-07,27.92
2026-07-08,27.86
2026-07-09,26.91
2026-07-10,24.89
2026-07-13,27.3
2026-07-14,26.28
2026-07-15,25.65
2026-07-16,27.34
2026-07-17,29.03
2026-07-20,28.53
2026-07-21,26.66
2026-07-22,26.74
2026-07-23,28.06
2026-07-24,28.39
2026-07-27,28.65
2026-07-28,28.61
2026-07-29,30.84
2026-07-30,27.55
2026-07-31,26.0
2026-08-03,24.77
2026-08-04,25.48
2026-08-05,24.15
2026-08-06,23.95
2026-08-07,22.82
2026-08-10,23.04
2026-08-11,22.38
2026-08-12,20.97
2026-08-13,21.23
2026-08-14,20.72
2026-08-17,21.51
2026-08-18,22.56
2026-08-19,22.04
2026-08-20,23.26
2026-08-21,21.98
2026-08-24,22.69
2026-08-25,21.79
2026-08-26,21.42
2026-08-27,20.24
2026-08-28,19.92
2026-08-31,20.18
2026-09-01,21.96
2026-09-02,21.07
2026-09-03,20.16
2026-09-04,20.04
2026-09-08,21.71
2026-09-09,22.32
2026-09-10,23.33
2026-09-11,21.02
2026-09-14,22.05
2026-09-15,22.26
2026-09-16,22.44
2026-09-17,19.96
2026-09-18,19.29
2026-09-21,20.39
2026-09-22,20.18
2026-09-23,20.76
2026-09-24,21.24
2026-09-25,20.87
2026-09-28,22.13
2026-09-29,22.07
2026-09-30,22.46
2026-10-01,22.51
2026-10-02,21.2
2026-10-05,21.7
2026-10-06,21.15
2026-10-07,21.0
2026-10-08,21.98
