Date,HYG,IWM,LQD,QQQ,RSP,SPY,^GSPC,^MOVE,^NDX
2024-10-07,79.26000213623047,217.42999267578125,110.94999694824219,482.1000061035156,177.17999267578125,567.7999877929688,5695.93994140625,124.2300033569336,19800.740234375
2024-10-08,79.44999694824219,217.5800018310547,111.16999816894531,489.29998779296875,177.60000610351562,573.1699829101562,5751.1298828125,123.7699966430664,20107.779296875
2024-10-09,79.4000015258789,218.05999755859375,110.94999694824219,493.1499938964844,178.82000732421875,577.1400146484375,5792.0400390625,122.38999938964844,20268.859375
2024-10-10,79.36000061035156,216.85000610351562,110.83000183105469,492.5899963378906,178.14999389648438,576.1300048828125,5780.0498046875,116.55999755859375,20241.759765625
2024-10-11,79.56999969482422,221.25999450683594,110.80999755859375,493.3599853515625,179.89999389648438,579.5800170898438,5815.02978515625,118.47000122070312,20271.970703125
2024-10-14,79.61000061035156,222.88999938964844,110.81999969482422,497.5,181.22000122070312,584.3200073242188,5859.85009765625,,20439.05078125
2024-10-15,79.58999633789062,223.07000732421875,111.36000061035156,490.8500061035156,180.39999389648438,579.780029296875,5815.259765625,127.2300033569336,20159.830078125
2024-10-16,79.7300033569336,226.74000549316406,111.70999908447266,490.9100036621094,181.6199951171875,582.2999877929688,5842.47021484375,121.86000061035156,20174.05078125
2024-10-17,79.61000061035156,226.1199951171875,110.87999725341797,491.25,181.3300018310547,582.3499755859375,5841.47021484375,122.13999938964844,20190.419921875
2024-10-18,79.80000305175781,225.64999389648438,110.75,494.4700012207031,181.8699951171875,584.5900268554688,5864.669921875,123.12999725341797,20324.0390625
2024-10-21,79.4800033569336,222.10000610351562,109.62000274658203,495.4200134277344,180.32000732421875,583.6300048828125,5853.97998046875,128.9499969482422,20361.470703125
2024-10-22,79.37000274658203,221.25999450683594,109.61000061035156,495.9599914550781,179.50999450683594,583.3200073242188,5851.2001953125,129.25999450683594,20390.4609375
2024-10-23,79.12999725341797,219.24000549316406,109.23999786376953,488.3599853515625,178.9199981689453,577.989990234375,5797.419921875,129.0500030517578,20066.9609375
2024-10-24,79.36000061035156,219.72000122070312,109.56999969482422,492.32000732421875,178.9600067138672,579.239990234375,5809.85986328125,127.4800033569336,20232.869140625
2024-10-25,79.27999877929688,218.88999938964844,109.30999755859375,495.32000732421875,178.11000061035156,579.0399780273438,5808.1201171875,128.39999389648438,20352.01953125
2024-10-28,79.4800033569336,222.4600067138672,109.22000122070312,495.3999938964844,179.1199951171875,580.8300170898438,5823.52001953125,130.9199981689453,20351.0703125
2024-10-29,79.5,221.74000549316406,109.3499984741211,500.1600036621094,178.5800018310547,581.77001953125,5832.919921875,131.8699951171875,20550.650390625
2024-10-30,79.36000061035156,221.44000244140625,109.20999908447266,496.3800048828125,178.19000244140625,580.010009765625,5813.669921875,130.8000030517578,20387.69921875
2024-10-31,79.13999938964844,217.75999450683594,108.98999786376953,483.8500061035156,176.2899932861328,568.6400146484375,5705.4501953125,135.17999267578125,19890.419921875
2024-11-01,78.75,218.97999572753906,108.01000213623047,487.42999267578125,176.39999389648438,571.0399780273438,5728.7998046875,132.5800018310547,20033.140625
2024-11-04,78.97000122070312,220.08999633789062,108.80999755859375,486.010009765625,176.61000061035156,569.8099975585938,5712.68994140625,136.25,19963.599609375
2024-11-05,79.19000244140625,224.22999572753906,109.33000183105469,492.2099914550781,178.6699981689453,576.7000122070312,5782.759765625,130.42999267578125,20227.4609375
2024-11-06,79.33000183105469,237.22000122070312,108.19000244140625,505.5799865722656,182.89999389648438,591.0399780273438,5929.0400390625,117.63999938964844,20781.330078125
2024-11-07,79.66999816894531,236.3800048828125,109.47000122070312,513.5399780273438,183.0800018310547,595.6099853515625,5973.10009765625,104.08000183105469,21101.5703125
2024-11-08,79.80000305175781,238.1199951171875,109.8499984741211,514.1400146484375,184.10000610351562,598.1900024414062,5995.5400390625,99.8499984741211,21117.1796875
2024-11-11,79.70999908447266,241.6999969482422,109.63999938964844,513.8400268554688,185.02000427246094,598.760009765625,6001.35009765625,,21106.58984375
2024-11-12,79.38999938964844,237.4600067138672,108.6500015258789,512.9099731445312,183.61000061035156,596.9000244140625,5983.990234375,108.55000305175781,21070.7890625
2024-11-13,79.41000366210938,235.11000061035156,108.23999786376953,512.25,183.7100067138672,597.1900024414062,5985.3798828125,102.08000183105469,21036.16015625
2024-11-14,79.23999786376953,231.94000244140625,108.20999908447266,508.69000244140625,182.24000549316406,593.3499755859375,5949.169921875,99.43000030517578,20896.669921875
2024-11-15,79.2300033569336,228.47999572753906,108.26000213623047,496.57000732421875,180.94000244140625,585.75,5870.6201171875,102.47000122070312,20394.130859375
2024-11-18,79.37999725341797,228.92999267578125,108.45999908447266,500.0199890136719,181.6699981689453,588.1500244140625,5893.6201171875,102.01000213623047,20539.189453125
2024-11-19,79.5,230.6300048828125,108.69000244140625,503.4599914550781,181.17999267578125,590.2999877929688,5916.97998046875,105.12000274658203,20684.58984375
2024-11-20,79.4800033569336,230.92999267578125,108.43000030517578,503.1700134277344,181.7899932861328,590.5,5917.10986328125,106.69000244140625,20667.099609375
2024-11-21,79.51000213623047,234.44000244140625,108.30000305175781,504.9800109863281,184.0800018310547,593.6699829101562,5948.7099609375,101.9000015258789,20740.779296875
2024-11-22,79.48999786376953,238.77000427246094,108.4000015258789,505.7900085449219,185.52999877929688,595.510009765625,5969.33984375,99.13999938964844,20776.23046875
2024-11-25,79.79000091552734,242.39999389648438,109.75,506.5899963378906,187.2100067138672,597.530029296875,5987.3701171875,99.95999908447266,20804.890625
2024-11-26,79.63999938964844,240.6199951171875,109.47000122070312,509.30999755859375,187.22999572753906,600.6500244140625,6021.6298828125,99.18000030517578,20922.900390625
2024-11-27,79.87999725341797,240.9499969482422,109.87000274658203,505.29998779296875,187.0500030517578,598.8300170898438,5998.740234375,97.73999786376953,20744.490234375
2024-11-29,80.04000091552734,241.8699951171875,110.55000305175781,509.739990234375,187.6199951171875,602.5499877929688,6032.3798828125,95.22000122070312,20930.369140625
2024-12-02,79.6500015258789,241.75,110.33999633789062,515.2899780273438,187.14999389648438,603.6300048828125,6047.14990234375,97.80999755859375,21164.599609375
2024-12-03,79.6500015258789,240.02999877929688,109.94999694824219,516.8699951171875,186.32000732421875,603.9099731445312,6049.8798828125,95.5999984741211,21229.3203125
2024-12-04,79.83999633789062,240.88999938964844,110.4800033569336,523.260009765625,186.3300018310547,607.6599731445312,6086.490234375,92.25,21492.359375
2024-12-05,79.7699966430664,238.0800018310547,110.44999694824219,521.8099975585938,185.39999389648438,606.6599731445312,6075.10986328125,91.4800033569336,21425.220703125
2024-12-06,79.9000015258789,238.92999267578125,110.69999694824219,526.47998046875,185.19000244140625,607.8099975585938,6090.27001953125,83.19999694824219,21622.25
2024-12-09,79.80000305175781,237.72999572753906,110.41999816894531,522.3800048828125,184.42999267578125,604.6799926757812,6052.85009765625,85.62999725341797,21440.8203125
2024-12-10,79.83999633789062,236.6999969482422,110.25,520.5999755859375,183.3000030517578,602.7999877929688,6034.91015625,90.0999984741211,21368.1796875
2024-12-11,79.86000061035156,237.77000427246094,109.94999694824219,529.9199829101562,183.47000122070312,607.4600219726562,6084.18994140625,82.4000015258789,21763.98046875
2024-12-12,79.63999938964844,234.67999267578125,109.33000183105469,526.5,182.8000030517578,604.3300170898438,6051.25,82.66000366210938,21615.26953125
2024-12-13,79.41000366210938,233.07000732421875,108.72000122070312,530.530029296875,182.16000366210938,604.2100219726562,6051.08984375,85.66000366210938,21780.25
2024-12-16,79.55999755859375,234.44000244140625,108.86000061035156,538.1699829101562,181.55999755859375,606.7899780273438,6074.080078125,90.87999725341797,22096.66015625
2024-12-17,79.38999938964844,231.07000732421875,108.87000274658203,535.7999877929688,180.1300048828125,604.2899780273438,6050.60986328125,90.41999816894531,22001.080078125
2024-12-18,78.16999816894531,220.83999633789062,107.13999938964844,516.469970703125,174.8000030517578,586.280029296875,5872.16015625,87.20999908447266,21209.3203125
2024-12-19,78.08999633789062,219.86000061035156,106.55999755859375,514.1699829101562,174.22000122070312,586.0999755859375,5867.080078125,90.41000366210938,21110.509765625
2024-12-20,78.58000183105469,221.9199981689453,106.9800033569336,518.6599731445312,176.66000366210938,591.1500244140625,5930.85009765625,91.75,21289.150390625
2024-12-23,78.37000274658203,221.41000366210938,106.66999816894531,522.8699951171875,176.27999877929688,594.6900024414062,5974.06982421875,95.8499984741211,21503.169921875
2024-12-24,78.62000274658203,223.38999938964844,107.0,529.9600219726562,177.61000061035156,601.2999877929688,6040.0400390625,96.94999694824219,21797.650390625
2024-12-26,78.81999969482422,225.67999267578125,107.0999984741211,529.5999755859375,177.89999389648438,601.3400268554688,6037.58984375,95.19999694824219,21768.310546875
2024-12-27,78.55000305175781,222.38999938964844,106.6500015258789,522.5599975585938,176.69000244140625,595.010009765625,5970.83984375,94.80000305175781,21473.01953125
2024-12-30,78.66000366210938,220.67999267578125,107.11000061035156,515.6099853515625,174.91000366210938,588.219970703125,5906.93994140625,99.08000183105469,21197.08984375
2024-12-31,78.6500015258789,220.9600067138672,106.83999633789062,511.2300109863281,175.22999572753906,586.0800170898438,5881.6298828125,98.80000305175781,21012.169921875
2025-01-02,78.83999633789062,221.13999938964844,106.8499984741211,510.2300109863281,174.72000122070312,584.6400146484375,5868.5498046875,96.66999816894531,20975.619140625
2025-01-03,78.95999908447266,224.42999267578125,106.5999984741211,518.5800170898438,176.32000732421875,591.9500122070312,5942.47021484375,93.3499984741211,21326.16015625
2025-01-06,79.0999984741211,224.52000427246094,106.33000183105469,524.5399780273438,176.1999969482422,595.3599853515625,5975.3798828125,97.88999938964844,21559.5
2025-01-07,78.83999633789062,222.72000122070312,105.83999633789062,515.1799926757812,175.61000061035156,588.6300048828125,5909.02978515625,102.77999877929688,21173.0390625
2025-01-08,78.94000244140625,221.7100067138672,106.01000213623047,515.27001953125,175.82000732421875,589.489990234375,5918.25,100.76000213623047,21180.970703125
2025-01-10,78.52999877929688,216.8300018310547,105.4000015258789,507.19000244140625,173.25,580.489990234375,5827.0400390625,96.56999969482422,20847.580078125
2025-01-13,78.51000213623047,217.25,105.0999984741211,505.55999755859375,174.6699981689453,581.3900146484375,5836.22021484375,103.51000213623047,20784.720703125
2025-01-14,78.61000061035156,219.72000122070312,105.22000122070312,505.0799865722656,176.0800018310547,582.1900024414062,5842.91015625,101.98999786376953,20757.41015625
2025-01-15,79.30000305175781,224.0399932861328,106.4800033569336,516.7000122070312,177.77000427246094,592.780029296875,5949.91015625,93.0999984741211,21237.849609375
2025-01-16,79.38999938964844,224.49000549316406,106.69000244140625,513.0800170898438,179.1699981689453,591.6400146484375,5937.33984375,92.72000122070312,21091.25
2025-01-17,79.45999908447266,225.4600067138672,106.77999877929688,521.739990234375,180.0399932861328,597.5800170898438,5996.66015625,95.5999984741211,21441.16015625
2025-01-21,79.66999816894531,229.7899932861328,107.4000015258789,524.7999877929688,182.1300048828125,603.0499877929688,6049.240234375,96.77999877929688,21566.509765625
2025-01-22,79.55999755859375,228.2899932861328,107.05999755859375,531.510009765625,181.49000549316406,606.4400024414062,6086.3701171875,89.9000015258789,21853.0
2025-01-23,79.66000366210938,229.3300018310547,106.91000366210938,532.6400146484375,182.35000610351562,609.75,6118.7099609375,88.51000213623047,21900.9296875
2025-01-24,79.75,228.69000244140625,107.12000274658203,529.6300048828125,182.19000244140625,607.969970703125,6101.240234375,86.75,21774.009765625
2025-01-27,79.80999755859375,226.5,107.86000061035156,514.2100219726562,182.30999755859375,599.3699951171875,6012.27978515625,95.05000305175781,21127.279296875
2025-01-28,79.77999877929688,226.75,107.70999908447266,521.8099975585938,181.41000366210938,604.52001953125,6067.7001953125,92.83000183105469,21463.0390625
2025-01-29,79.7300033569336,226.22999572753906,107.56999969482422,520.8300170898438,180.80999755859375,601.8099975585938,6039.31005859375,90.7300033569336,21411.4609375
2025-01-30,79.87999725341797,228.52999877929688,107.80999755859375,523.0499877929688,182.74000549316406,605.0399780273438,6071.169921875,90.54000091552734,21508.119140625
2025-01-31,79.72000122070312,226.47999572753906,107.45999908447266,522.2899780273438,181.24000549316406,601.8200073242188,6040.52978515625,91.76000213623047,21478.05078125
2025-02-03,79.26000213623047,223.8300018310547,107.23999786376953,518.1099853515625,180.25,597.77001953125,5994.56982421875,94.1500015258789,21297.580078125
2025-02-04,79.51000213623047,226.92999267578125,107.44999694824219,524.469970703125,180.47000122070312,601.780029296875,6037.8798828125,90.27999877929688,21566.919921875
2025-02-05,79.72000122070312,229.39999389648438,108.19999694824219,526.8499755859375,181.35000610351562,604.219970703125,6061.47998046875,94.68000030517578,21658.16015625
2025-02-06,79.5999984741211,228.64999389648438,108.0,529.5999755859375,181.11000061035156,606.3200073242188,6083.56982421875,93.9000015258789,21774.0703125
2025-02-07,79.3499984741211,226.0,107.52999877929688,522.9199829101562,180.22000122070312,600.77001953125,6025.990234375,93.12999725341797,21491.310546875
2025-02-10,79.51000213623047,227.02000427246094,107.55999755859375,529.25,180.72999572753906,604.8499755859375,6066.43994140625,87.68000030517578,21756.73046875
2025-02-11,79.4800033569336,225.6999969482422,107.31999969482422,527.989990234375,180.75,605.3099975585938,6068.5,85.58000183105469,21693.51953125
2025-02-12,79.30999755859375,223.6199951171875,106.73999786376953,528.2999877929688,179.6999969482422,603.3599853515625,6051.97021484375,86.58000183105469,21719.259765625
2025-02-13,79.66999816894531,226.13999938964844,107.56999969482422,535.9000244140625,181.25999450683594,609.72998046875,6115.06982421875,84.56999969482422,22030.7109375
2025-02-14,79.76000213623047,225.97000122070312,107.98999786376953,538.1500244140625,181.0800018310547,609.7000122070312,6114.6298828125,84.66999816894531,22114.689453125
2025-02-18,79.69000244140625,227.2100067138672,107.55000305175781,539.3699951171875,182.47000122070312,611.489990234375,6129.580078125,84.51000213623047,22164.609375
2025-02-19,79.75,226.42999267578125,107.61000061035156,539.52001953125,182.83999633789062,612.9299926757812,6144.14990234375,83.86000061035156,22175.599609375
2025-02-20,79.80000305175781,224.25999450683594,107.87000274658203,537.22998046875,182.3800048828125,610.3800048828125,6117.52001953125,86.26000213623047,22068.060546875
2025-02-21,79.6500015258789,217.8000030517578,108.25,526.0800170898438,179.82000732421875,599.9400024414062,6013.1298828125,91.83000183105469,21614.080078125
2025-02-24,79.75,216.22999572753906,108.52999877929688,519.8699951171875,179.97000122070312,597.2100219726562,5983.25,88.44000244140625,21352.080078125
2025-02-25,79.94999694824219,215.41000366210938,109.36000061035156,513.3200073242188,180.14999389648438,594.239990234375,5955.25,96.61000061035156,21087.25
2025-02-26,80.05999755859375,215.67999267578125,109.58999633789062,514.5599975585938,179.77000427246094,594.5399780273438,5956.06005859375,97.5199966430664,21132.919921875
2025-02-27,79.91000366210938,212.38999938964844,109.12999725341797,500.2699890136719,178.1999969482422,585.0499877929688,5861.56982421875,96.2699966430664,20550.94921875
2025-02-28,80.12999725341797,214.64999389648438,109.61000061035156,508.1700134277344,180.17999267578125,594.1799926757812,5954.5,104.45999908447266,20884.41015625
2025-03-03,79.58999633789062,208.77999877929688,109.54000091552734,497.04998779296875,178.25999450683594,583.77001953125,5849.72021484375,105.6500015258789,20425.580078125
2025-03-04,79.58000183105469,206.4199981689453,109.18000030517578,495.54998779296875,175.3800048828125,576.8599853515625,5778.14990234375,108.87000274658203,20352.529296875
2025-03-05,79.62000274658203,208.47000122070312,108.83000183105469,502.010009765625,177.00999450683594,583.0599975585938,5842.6298828125,104.31999969482422,20628.4609375
2025-03-06,79.31999969482422,205.27999877929688,108.48999786376953,488.20001220703125,175.0500030517578,572.7100219726562,5738.52001953125,108.94999694824219,20052.630859375
2025-03-07,79.44999694824219,205.9499969482422,108.31999969482422,491.7900085449219,176.69000244140625,575.9199829101562,5770.2001953125,104.41000366210938,20201.369140625
2025-03-10,79.1500015258789,200.77000427246094,108.69000244140625,472.7300109863281,174.1999969482422,560.5800170898438,5614.56005859375,112.5,19430.94921875
2025-03-11,78.87000274658203,200.75,107.9800033569336,471.6000061035156,171.8800048828125,555.9199829101562,5572.06982421875,114.5999984741211,19376.9609375
2025-03-12,78.95999908447266,201.10000610351562,107.66000366210938,476.9200134277344,171.07000732421875,558.8699951171875,5599.2998046875,104.11000061035156,19596.01953125
2025-03-13,78.5199966430664,198.10000610351562,108.0,468.3399963378906,169.42999267578125,551.4199829101562,5521.52001953125,106.19000244140625,19225.48046875
2025-03-14,78.87999725341797,202.88999938964844,107.94999694824219,479.6600036621094,172.66000366210938,562.8099975585938,5638.93994140625,101.01000213623047,19704.640625
2025-03-17,79.06999969482422,205.4499969482422,108.16999816894531,482.7699890136719,174.99000549316406,567.1500244140625,5675.1201171875,99.77999877929688,19812.240234375
2025-03-18,78.93000030517578,203.2100067138672,108.43000030517578,474.5400085449219,174.0800018310547,561.02001953125,5614.66015625,96.68000030517578,19483.359375
2025-03-19,79.44999694824219,206.3699951171875,109.06999969482422,480.8900146484375,175.3699951171875,567.1300048828125,5675.2900390625,91.4000015258789,19736.66015625
2025-03-20,79.33999633789062,205.05999755859375,108.91000366210938,479.260009765625,174.63999938964844,565.489990234375,5662.89013671875,95.73999786376953,19677.609375
2025-03-21,79.22000122070312,203.7899932861328,108.76000213623047,480.8399963378906,173.83999633789062,563.97998046875,5667.56005859375,94.54000091552734,19753.970703125
2025-03-24,79.44999694824219,208.86000061035156,108.29000091552734,490.6600036621094,175.69000244140625,574.0800170898438,5767.56982421875,95.22000122070312,20180.44921875
2025-03-25,79.41000366210938,207.6999969482422,108.4000015258789,493.4599914550781,175.27000427246094,575.4600219726562,5776.64990234375,93.56999969482422,20287.830078125
2025-03-26,79.08999633789062,205.58999633789062,107.95999908447266,484.3800048828125,174.94000244140625,568.5900268554688,5712.2001953125,91.41000366210938,19916.990234375
2025-03-27,78.94000244140625,204.61000061035156,107.83000183105469,481.6199951171875,174.49000549316406,567.0800170898438,5693.31005859375,91.02999877929688,19798.619140625
2025-03-28,78.80000305175781,200.4499969482422,108.4800033569336,468.94000244140625,171.8000030517578,555.6599731445312,5580.93994140625,96.83000183105469,19281.400390625
2025-03-31,78.88999938964844,199.49000549316406,108.69000244140625,468.9200134277344,173.22999572753906,559.3900146484375,5611.85009765625,101.3499984741211,19278.44921875
2025-04-01,78.69000244140625,199.50999450683594,108.66000366210938,472.70001220703125,173.41000366210938,560.969970703125,5633.06982421875,104.7300033569336,19436.419921875
2025-04-02,78.8499984741211,202.66000366210938,108.91000366210938,476.1499938964844,174.86000061035156,564.52001953125,5670.97021484375,106.38999938964844,19581.779296875
2025-04-03,77.87000274658203,189.64999389648438,108.9000015258789,450.6600036621094,166.52999877929688,536.7000122070312,5396.52001953125,112.0,18521.470703125
2025-04-04,76.76000213623047,181.19000244140625,108.77999877929688,422.6700134277344,157.17999267578125,505.2799987792969,5074.080078125,125.70999908447266,17397.69921875
2025-04-07,76.0999984741211,179.5500030517578,106.66000366210938,423.69000244140625,155.8699951171875,504.3800048828125,5062.25,137.3000030517578,17430.6796875
2025-04-08,75.75,174.82000732421875,105.30999755859375,416.05999755859375,152.92999267578125,496.4800109863281,4982.77001953125,139.8800048828125,17090.400390625
2025-04-09,77.77999877929688,189.67999267578125,107.06999969482422,466.0,165.16000366210938,548.6199951171875,5456.89990234375,128.8300018310547,19145.060546875
2025-04-10,76.51000213623047,181.7100067138672,105.25,446.17999267578125,159.60000610351562,524.5800170898438,5268.0498046875,128.35000610351562,18343.5703125
2025-04-11,76.73999786376953,184.36000061035156,105.2300033569336,454.3999938964844,162.02000427246094,533.9400024414062,5363.35986328125,137.25999450683594,18690.05078125
2025-04-14,77.12000274658203,186.52999877929688,105.87999725341797,457.4800109863281,164.08999633789062,539.1199951171875,5405.97021484375,132.4600067138672,18796.01953125
2025-04-15,77.33000183105469,186.75999450683594,106.44999694824219,457.989990234375,163.55999755859375,537.6099853515625,5396.6298828125,122.55999755859375,18830.23046875
2025-04-16,77.31999969482422,184.97000122070312,106.9000015258789,444.17999267578125,161.4600067138672,525.6599731445312,5275.7001953125,119.4000015258789,18257.640625
2025-04-17,77.7699966430664,186.47999572753906,106.75,444.1000061035156,162.66000366210938,526.4099731445312,5282.7001953125,114.63999938964844,18258.08984375
2025-04-21,77.30999755859375,182.74000549316406,105.5999984741211,433.1099853515625,159.38999938964844,513.8800048828125,5158.2001953125,128.55999755859375,17808.30078125
2025-04-22,77.61000061035156,187.47000122070312,105.86000061035156,444.4800109863281,163.32000732421875,527.25,5287.759765625,118.3499984741211,18276.41015625
2025-04-23,78.0,190.25,106.33000183105469,454.55999755859375,164.89999389648438,535.4199829101562,5375.85986328125,116.5999984741211,18693.259765625
2025-04-24,78.69999694824219,194.05999755859375,107.41999816894531,467.3500061035156,167.69000244140625,546.6900024414062,5484.77001953125,108.27999877929688,19214.400390625
2025-04-25,78.7699966430664,194.1199951171875,107.98999786376953,472.55999755859375,167.4499969482422,550.6400146484375,5525.2099609375,105.79000091552734,19432.560546875
2025-04-28,78.80999755859375,194.94000244140625,108.23999786376953,472.4100036621094,167.9199981689453,550.8499755859375,5528.75,110.01000213623047,19427.2890625
2025-04-29,79.0199966430664,196.08999633789062,108.48999786376953,475.5299987792969,168.89999389648438,554.3200073242188,5560.830078125,112.2699966430664,19544.94921875
2025-04-30,78.5999984741211,194.86000061035156,107.9800033569336,475.4700012207031,169.13999938964844,554.5399780273438,5569.06005859375,112.4800033569336,19571.01953125
2025-05-01,78.30000305175781,196.07000732421875,107.16999816894531,481.67999267578125,168.91000366210938,558.469970703125,5604.14013671875,107.33000183105469,19786.7109375
2025-05-02,78.54000091552734,200.47999572753906,106.91000366210938,488.8299865722656,171.88999938964844,566.760009765625,5686.669921875,101.4000015258789,20102.609375
2025-05-05,78.51000213623047,198.94000244140625,106.76000213623047,485.92999267578125,171.32000732421875,563.510009765625,5650.3798828125,104.44999694824219,19967.939453125
2025-05-06,78.44999694824219,196.77000427246094,106.97000122070312,481.4100036621094,170.0500030517578,558.7999877929688,5606.91015625,106.18000030517578,19791.349609375
2025-05-07,78.5199966430664,197.4199981689453,107.19000244140625,483.29998779296875,171.1699981689453,561.1500244140625,5631.27978515625,99.87000274658203,19867.970703125
2025-05-08,78.5,201.17999267578125,106.6500015258789,488.2900085449219,172.61000061035156,565.0599975585938,5663.93994140625,98.66000366210938,20063.560546875
2025-05-09,78.55000305175781,200.80999755859375,106.61000061035156,487.9700012207031,172.57000732421875,564.3400268554688,5659.91015625,100.4000015258789,20061.44921875
2025-05-12,79.33000183105469,207.8699951171875,106.58999633789062,507.8500061035156,177.3000030517578,582.989990234375,5844.18994140625,102.9000015258789,20868.150390625
2025-05-13,79.47000122070312,208.6300048828125,106.68000030517578,515.5900268554688,177.6999969482422,586.8400268554688,5886.5498046875,100.12999725341797,21197.69921875
2025-05-14,79.18000030517578,206.77999877929688,106.13999938964844,518.6799926757812,176.6300048828125,587.5900268554688,5892.580078125,100.7300033569336,21319.2109375
2025-05-15,79.33000183105469,208.1300048828125,106.9000015258789,519.25,178.24000549316406,590.4600219726562,5916.93017578125,98.6500015258789,21335.8203125
2025-05-16,79.41999816894531,209.85000610351562,107.0999984741211,521.510009765625,179.99000549316406,594.2000122070312,5958.3798828125,96.69999694824219,21427.939453125
2025-05-19,79.37999725341797,208.97000122070312,107.11000061035156,522.010009765625,179.97000122070312,594.8499755859375,5963.60009765625,103.80999755859375,21447.05078125
2025-05-20,79.33999633789062,209.0800018310547,106.8499984741211,520.27001953125,179.5,592.8499755859375,5940.4599609375,101.37000274658203,21367.369140625
2025-05-21,78.80999755859375,203.2100067138672,105.66000366210938,513.0399780273438,175.58999633789062,582.8599853515625,5844.60986328125,102.0999984741211,21080.359375
2025-05-22,78.97000122070312,203.1999969482422,106.19999694824219,514.0,175.02999877929688,583.0900268554688,5842.009765625,99.47000122070312,21112.470703125
2025-05-23,78.94999694824219,202.55999755859375,106.27999877929688,509.239990234375,174.3300018310547,579.1099853515625,5802.81982421875,100.91000366210938,20915.66015625
2025-05-27,79.43000030517578,207.6999969482422,107.23999786376953,521.219970703125,177.5800018310547,591.1500244140625,5921.5400390625,97.93000030517578,21414.990234375
2025-05-28,79.37999725341797,205.50999450683594,106.9800033569336,518.9099731445312,176.07000732421875,587.72998046875,5888.5498046875,93.19999694824219,21318.169921875
2025-05-29,79.5,206.1199951171875,107.45999908447266,519.9299926757812,176.5,590.0499877929688,5912.169921875,92.66999816894531,21363.94921875
2025-05-30,79.56999969482422,205.07000732421875,107.7699966430664,519.1099853515625,176.42999267578125,589.3900146484375,5911.68994140625,92.11000061035156,21340.990234375
2025-06-02,79.18000030517578,205.7100067138672,107.06999969482422,523.2100219726562,176.57000732421875,592.7100219726562,5935.93994140625,95.76000213623047,21491.75
2025-06-03,79.33000183105469,209.02999877929688,107.12000274658203,527.2999877929688,178.0399932861328,596.0900268554688,5970.3701171875,100.0,21662.580078125
2025-06-04,79.4800033569336,208.44000244140625,107.9000015258789,528.77001953125,177.63999938964844,595.9299926757812,5970.81005859375,96.9800033569336,21721.919921875
2025-06-05,79.30999755859375,208.52999877929688,107.56999969482422,524.7899780273438,177.16000366210938,593.0499877929688,5939.2998046875,94.6500015258789,21547.4296875
2025-06-06,79.30000305175781,211.89999389648438,106.91999816894531,529.9199829101562,178.69000244140625,599.1400146484375,6000.35986328125,89.6500015258789,21761.7890625
2025-06-09,79.33999633789062,213.36000061035156,107.23999786376953,530.7000122070312,178.72000122070312,599.6799926757812,6005.8798828125,92.62000274658203,21797.869140625
2025-06-10,79.52999877929688,214.50999450683594,107.5,534.2100219726562,179.61000061035156,603.0800170898438,6038.81005859375,91.22000122070312,21941.919921875
2025-06-11,79.51000213623047,213.6300048828125,107.83999633789062,532.4099731445312,179.10000610351562,601.3599853515625,6022.240234375,89.36000061035156,21860.80078125
2025-06-12,79.5999984741211,212.77999877929688,108.44000244140625,533.6599731445312,179.52000427246094,603.75,6045.259765625,88.98999786376953,21913.3203125
2025-06-13,79.36000061035156,208.88999938964844,107.79000091552734,526.9600219726562,177.35000610351562,597.0,5976.97021484375,95.30999755859375,21631.0390625
2025-06-16,79.5199966430664,210.77000427246094,107.5999984741211,534.2899780273438,179.05999755859375,602.6799926757812,6033.10986328125,93.4800033569336,21937.5703125
2025-06-17,79.43000030517578,208.5500030517578,107.97000122070312,529.0800170898438,177.33999633789062,597.530029296875,5982.72021484375,97.18000030517578,21719.080078125
2025-06-18,79.55000305175781,209.64999389648438,108.05000305175781,528.989990234375,177.36000061035156,597.4400024414062,5980.8701171875,93.63999938964844,21719.689453125
2025-06-20,79.80000305175781,209.2100067138672,108.13999938964844,526.8300170898438,177.64999389648438,594.280029296875,5967.83984375,90.0999984741211,21626.390625
2025-06-23,79.94999694824219,211.77000427246094,108.41000366210938,531.6500244140625,178.49000549316406,600.1500244140625,6025.169921875,95.02999877929688,21856.330078125
2025-06-24,80.16999816894531,214.47000122070312,108.91999816894531,539.780029296875,180.17999267578125,606.780029296875,6092.18017578125,92.62000274658203,22190.51953125
2025-06-25,80.1500015258789,211.97000122070312,108.79000091552734,541.1599731445312,178.8800048828125,607.1199951171875,6092.16015625,91.23999786376953,22237.740234375
2025-06-26,80.37999725341797,215.41000366210938,109.19000244140625,546.219970703125,180.22999572753906,611.8699951171875,6141.02001953125,89.47000122070312,22447.2890625
2025-06-27,80.33999633789062,215.47999572753906,109.01000213623047,548.0900268554688,180.88999938964844,614.9099731445312,6173.06982421875,87.93000030517578,22534.19921875
2025-06-30,80.6500015258789,215.7899932861328,109.61000061035156,551.6400146484375,181.74000549316406,617.8499755859375,6204.9501953125,90.26000213623047,22679.009765625
2025-07-01,80.16999816894531,218.00999450683594,109.33999633789062,546.989990234375,183.8699951171875,617.6500244140625,6198.009765625,93.4800033569336,22478.130859375
2025-07-02,80.31999969482422,221.02999877929688,109.31999969482422,550.7999877929688,184.2899932861328,620.4500122070312,6227.419921875,91.37000274658203,22641.890625
2025-07-03,80.37000274658203,223.0800018310547,109.05999755859375,556.219970703125,185.17999267578125,625.3400268554688,6279.35009765625,86.08999633789062,22866.970703125
2025-07-07,80.0999984741211,219.72999572753906,108.41000366210938,552.030029296875,183.6999969482422,620.6799926757812,6229.97998046875,88.52999877929688,22685.5703125
2025-07-08,79.98999786376953,221.25,108.0999984741211,552.3400268554688,184.16000366210938,620.3400268554688,6225.52001953125,88.05000305175781,22702.25
2025-07-09,80.20999908447266,223.64999389648438,108.72000122070312,556.25,184.7100067138672,624.0599975585938,6263.259765625,84.30999755859375,22864.91015625
2025-07-10,80.12999725341797,224.8000030517578,108.73999786376953,555.4500122070312,185.77999877929688,625.8200073242188,6280.4599609375,81.58000183105469,22829.259765625
2025-07-11,80.02999877929688,221.6999969482422,108.08000183105469,554.2000122070312,184.4199981689453,623.6199951171875,6259.75,85.4800033569336,22780.599609375
2025-07-14,80.08999633789062,223.19000244140625,108.05000305175781,556.2100219726562,184.61000061035156,624.8099975585938,6268.56005859375,90.7300033569336,22855.630859375
2025-07-15,79.8499984741211,218.82000732421875,107.66000366210938,556.719970703125,182.0500030517578,622.1400146484375,6243.759765625,88.94999694824219,22884.58984375
2025-07-16,80.05999755859375,221.02000427246094,107.83000183105469,557.2899780273438,182.75999450683594,624.219970703125,6263.7001953125,89.5199966430664,22907.970703125
2025-07-17,80.13999938964844,223.9199981689453,108.08999633789062,561.7999877929688,184.25,628.0399780273438,6297.35986328125,85.56999969482422,23081.05078125
2025-07-18,80.25,222.3300018310547,108.29000091552734,561.260009765625,184.17999267578125,627.5800170898438,6296.7900390625,83.29000091552734,23065.470703125
2025-07-21,80.36000061035156,221.42999267578125,108.70999908447266,564.1699829101562,183.5500030517578,628.77001953125,6305.60009765625,86.62000274658203,23180.060546875
2025-07-22,80.5,223.27000427246094,108.97000122070312,561.25,185.88999938964844,628.8599853515625,6309.6201171875,89.88999938964844,23063.580078125
2025-07-23,80.54000091552734,226.67999267578125,108.80000305175781,563.8099975585938,187.42999267578125,634.2100219726562,6358.91015625,85.94999694824219,23162.41015625
2025-07-24,80.44000244140625,223.5500030517578,108.63999938964844,565.010009765625,186.8300018310547,634.4199829101562,6363.35009765625,82.75,23219.869140625
2025-07-25,80.48999786376953,224.3800048828125,108.98999786376953,566.3699951171875,187.72999572753906,637.0999755859375,6388.64013671875,82.08999633789062,23272.25
2025-07-28,80.44999694824219,224.1199951171875,108.7699966430664,568.1400146484375,186.6199951171875,636.9400024414062,6389.77001953125,83.7300033569336,23356.26953125
2025-07-29,80.5,222.69000244140625,109.48999786376953,567.260009765625,186.52999877929688,635.260009765625,6370.85986328125,85.06999969482422,23308.30078125
2025-07-30,80.33000183105469,221.55999755859375,109.08000183105469,568.02001953125,185.32000732421875,634.4600219726562,6362.89990234375,81.87999725341797,23345.41015625
2025-07-31,80.37999725341797,219.38999938964844,109.11000061035156,565.010009765625,183.6300048828125,632.0800170898438,6339.39013671875,79.83999633789062,23218.119140625
2025-08-01,79.9800033569336,214.9199981689453,109.62999725341797,553.8800048828125,181.55999755859375,621.719970703125,6238.009765625,83.83000183105469,22763.310546875
2025-08-04,80.25,219.72999572753906,109.81999969482422,564.0999755859375,183.77999877929688,631.1699829101562,6329.93994140625,87.94999694824219,23188.609375
2025-08-05,80.20999908447266,220.85000610351562,109.9000015258789,560.27001953125,183.27000427246094,627.969970703125,6299.18994140625,89.19999694824219,23018.560546875
2025-08-06,80.29000091552734,220.55999755859375,109.87000274658203,567.3200073242188,182.86000061035156,632.780029296875,6345.06005859375,83.88999938964844,23315.0390625
2025-08-07,80.20999908447266,219.83999633789062,109.76000213623047,569.239990234375,182.75,632.25,6340.0,80.1500015258789,23389.529296875
2025-08-08,80.22000122070312,220.32000732421875,109.41000366210938,574.5499877929688,183.0800018310547,637.1799926757812,6389.4501953125,79.19999694824219,23611.26953125
2025-08-11,80.22000122070312,220.27000427246094,109.58000183105469,572.8499755859375,182.5800018310547,635.9199829101562,6373.4501953125,81.76000213623047,23526.630859375
2025-08-12,80.4000015258789,226.80999755859375,109.68000030517578,580.0499877929688,184.89999389648438,642.6900024414062,6445.759765625,77.41999816894531,23839.19921875
2025-08-13,80.61000061035156,231.22000122070312,110.26000213623047,580.3400268554688,187.5399932861328,644.8900146484375,6466.580078125,77.30999755859375,23849.0390625
2025-08-14,80.4000015258789,228.24000549316406,109.87999725341797,579.8900146484375,186.32000732421875,644.9500122070312,6468.5400390625,76.7699966430664,23832.439453125
2025-08-15,80.45999908447266,227.1300048828125,109.73999786376953,577.3400268554688,185.86000061035156,643.4400024414062,6449.7998046875,76.66000366210938,23712.0703125
2025-08-18,80.4000015258789,227.9600067138672,109.54000091552734,577.1099853515625,185.82000732421875,643.2999877929688,6449.14990234375,81.81999969482422,23713.759765625
2025-08-19,80.37999725341797,226.2100067138672,109.70999908447266,569.280029296875,186.69000244140625,639.8099975585938,6411.3701171875,82.1500015258789,23384.76953125
2025-08-20,80.3499984741211,225.41000366210938,109.76000213623047,565.9000244140625,186.52000427246094,638.1099853515625,6395.77978515625,80.75,23249.5703125
2025-08-21,80.19999694824219,225.97000122070312,109.33999633789062,563.280029296875,185.8699951171875,635.5499877929688,6370.169921875,80.5199966430664,23142.580078125
2025-08-22,80.8499984741211,234.8300018310547,110.19999694824219,571.969970703125,189.49000549316406,645.3099975585938,6466.91015625,78.0999984741211,23498.119140625
2025-08-25,80.69000244140625,232.36000061035156,109.91000366210938,570.3200073242188,188.0399932861328,642.469970703125,6439.31982421875,77.55999755859375,23425.609375
2025-08-26,80.87000274658203,234.27999877929688,109.98999786376953,572.6099853515625,188.1699981689453,645.1599731445312,6465.93994140625,79.36000061035156,23525.2890625
2025-08-27,80.97000122070312,235.94000244140625,110.02999877929688,573.489990234375,188.85000610351562,646.6300048828125,6481.39990234375,77.66000366210938,23565.849609375
2025-08-28,81.01000213623047,236.22000122070312,110.19999694824219,577.0800170898438,188.75999450683594,648.9199829101562,6501.85986328125,77.55000305175781,23703.44921875
2025-08-29,80.86000061035156,235.1699981689453,109.80000305175781,570.4000244140625,188.6199951171875,645.0499877929688,6460.259765625,79.38999938964844,23415.419921875
2025-09-02,80.38999938964844,233.89999389648438,109.05000305175781,565.6199951171875,187.1300048828125,640.27001953125,6415.5400390625,85.27999877929688,23231.109375
2025-09-03,80.61000061035156,233.6699981689453,109.69999694824219,570.0700073242188,186.83999633789062,643.739990234375,6448.259765625,89.66999816894531,23414.83984375
2025-09-04,80.83000183105469,236.58999633789062,110.44999694824219,575.22998046875,188.22000122070312,649.1199951171875,6502.080078125,88.26000213623047,23633.009765625
2025-09-05,80.87000274658203,237.77000427246094,111.16999816894531,576.0599975585938,188.44000244140625,647.239990234375,6481.5,85.29000091552734,23652.439453125
2025-09-08,80.87000274658203,238.25,111.55999755859375,578.8699951171875,188.2899932861328,648.8300170898438,6495.14990234375,84.0,23762.30078125
2025-09-09,80.77999877929688,236.85000610351562,111.36000061035156,580.510009765625,187.7100067138672,650.3300170898438,6512.60986328125,82.19999694824219,23839.80078125
2025-09-10,80.83999633789062,236.42999267578125,111.69000244140625,580.7000122070312,187.52000427246094,652.2100219726562,6532.0400390625,79.58000183105469,23849.26953125
2025-09-11,81.04000091552734,240.8000030517578,112.20999908447266,584.0800170898438,190.3300018310547,657.6300048828125,6587.47021484375,75.06999969482422,23992.560546875
2025-09-12,80.95999908447266,238.33999633789062,112.01000213623047,586.6599731445312,188.9600067138672,657.4099731445312,6584.2900390625,73.37000274658203,24092.189453125
2025-09-15,81.19000244140625,239.35000610351562,112.36000061035156,591.6799926757812,188.6300048828125,660.9099731445312,6615.27978515625,76.87999725341797,24293.779296875
2025-09-16,81.12999725341797,238.27999877929688,112.26000213623047,591.1799926757812,188.1300048828125,660.0,6606.759765625,77.08999633789062,24274.25
2025-09-17,81.05000305175781,238.88999938964844,112.05999755859375,590.0,188.30999755859375,659.1799926757812,6600.35009765625,75.94999694824219,24223.689453125
2025-09-18,81.2300033569336,244.83999633789062,111.83000183105469,595.3200073242188,189.5399932861328,662.260009765625,6631.9599609375,71.91000366210938,24454.890625
2025-09-19,81.26000213623047,242.97999572753906,111.73999786376953,599.3499755859375,189.2100067138672,663.7000122070312,6664.35986328125,72.51000213623047,24626.25
2025-09-22,81.31999969482422,244.38999938964844,111.48999786376953,602.2000122070312,188.47999572753906,666.8400268554688,6693.75,75.80000305175781,24761.0703125
2025-09-23,81.26000213623047,243.83999633789062,111.70999908447266,598.2000122070312,188.7100067138672,663.2100219726562,6656.919921875,75.66000366210938,24580.169921875
2025-09-24,81.1500015258789,241.60000610351562,111.26000213623047,596.0999755859375,188.27000427246094,661.0999755859375,6637.97021484375,75.12999725341797,24503.5703125
2025-09-25,80.91999816894531,239.2899932861328,111.05999755859375,593.530029296875,186.72000122070312,658.0499877929688,6604.72021484375,75.44000244140625,24397.310546875
2025-09-26,81.08000183105469,241.33999633789062,111.20999908447266,595.969970703125,188.57000732421875,661.8200073242188,6643.7001953125,74.37999725341797,24503.849609375
2025-09-29,81.22000122070312,241.6199951171875,111.58000183105469,598.72998046875,189.1999969482422,663.6799926757812,6661.2099609375,75.51000213623047,24611.349609375
2025-09-30,81.19000244140625,241.9600067138672,111.47000122070312,600.3699951171875,189.6999969482422,666.1799926757812,6688.4599609375,77.93000030517578,24679.990234375
2025-10-01,80.95999908447266,242.49000549316406,111.51000213623047,603.25,190.1300048828125,668.4500122070312,6711.2001953125,73.5,24800.859375
2025-10-02,80.93000030517578,244.02000427246094,111.69000244140625,605.72998046875,190.5800018310547,669.219970703125,6715.35009765625,71.20999908447266,24892.759765625
2025-10-03,80.83999633789062,245.8300018310547,111.55000305175781,603.1799926757812,191.25,669.2100219726562,6715.7900390625,69.52999877929688,24785.51953125
2025-10-06,80.86000061035156,246.80999755859375,111.19000244140625,607.7100219726562,191.19000244140625,671.6099853515625,6740.27978515625,72.98999786376953,24978.560546875
2025-10-07,80.7699966430664,244.16000366210938,111.4000015258789,604.510009765625,190.35000610351562,669.1199951171875,6714.58984375,75.43000030517578,24840.23046875
2025-10-08,80.6500015258789,246.72000122070312,111.26000213623047,611.4400024414062,190.97000122070312,673.1099853515625,6753.72021484375,74.87000274658203,25136.619140625
2025-10-09,80.41999816894531,245.1300048828125,111.04000091552734,610.7000122070312,189.38999938964844,671.1599731445312,6735.10986328125,74.12000274658203,25098.1796875
2025-10-10,79.94999694824219,237.7899932861328,111.3499984741211,589.5,185.1199951171875,653.02001953125,6552.509765625,81.6500015258789,24221.740234375
2025-10-13,80.44999694824219,244.41000366210938,111.7300033569336,602.010009765625,186.9199981689453,663.0399780273438,6654.72021484375,,24750.25
2025-10-14,80.54000091552734,247.89999389648438,112.0999984741211,598.0,188.47000122070312,662.22998046875,6644.31005859375,79.94999694824219,24579.3203125
2025-10-15,80.80000305175781,250.3300018310547,112.0999984741211,602.219970703125,188.85000610351562,665.1699829101562,6671.06005859375,75.11000061035156,24745.359375
2025-10-16,80.51000213623047,245.05999755859375,112.41999816894531,599.989990234375,187.05999755859375,660.6400146484375,6629.06982421875,81.2300033569336,24657.240234375
2025-10-17,80.72000122070312,243.41000366210938,112.19999694824219,603.9299926757812,188.00999450683594,664.3900146484375,6664.009765625,78.62000274658203,24817.94921875
2025-10-20,80.87999725341797,248.16000366210938,112.54000091552734,611.5399780273438,189.88999938964844,671.2999877929688,6735.1298828125,77.22000122070312,25141.01953125
2025-10-21,80.76000213623047,246.99000549316406,112.55999755859375,611.3800048828125,190.75999450683594,671.2899780273438,6735.35009765625,77.18000030517578,25127.130859375
2025-10-22,80.68000030517578,243.33999633789062,112.66999816894531,605.489990234375,189.83999633789062,667.7999877929688,6699.39990234375,75.48999786376953,24879.009765625
2025-10-23,80.86000061035156,246.4199981689453,112.52999877929688,610.5800170898438,190.74000549316406,671.760009765625,6738.43994140625,74.05000305175781,25097.41015625
2025-10-24,81.08000183105469,249.42999267578125,112.72000122070312,617.0999755859375,191.25999450683594,677.25,6791.68994140625,68.94000244140625,25358.16015625
2025-10-27,81.27999877929688,250.3000030517578,112.91000366210938,628.0900268554688,192.11000061035156,685.239990234375,6875.16015625,66.87000274658203,25821.55078125
2025-10-28,81.19999694824219,248.9600067138672,112.91999816894531,632.9199829101562,190.4600067138672,687.0599975585938,6890.89013671875,67.30000305175781,26012.150390625
2025-10-29,80.94999694824219,246.83999633789062,112.27999877929688,635.77001953125,188.3300018310547,687.3900146484375,6890.58984375,65.75,26119.849609375
2025-10-30,80.80000305175781,244.85000610351562,111.68000030517578,626.0499877929688,187.52000427246094,679.8300170898438,6822.33984375,66.87999725341797,25734.810546875
2025-10-31,80.80000305175781,246.22999572753906,111.2300033569336,629.0700073242188,187.92999267578125,682.0599975585938,6840.2001953125,66.61000061035156,25858.130859375
2025-11-03,80.13999938964844,245.44000244140625,110.52999877929688,632.0800170898438,187.47000122070312,683.3400268554688,6851.97021484375,67.2300033569336,25972.939453125
2025-11-04,80.1500015258789,241.1999969482422,110.68000030517578,619.25,186.22999572753906,675.239990234375,6771.5498046875,68.0199966430664,25435.69921875
2025-11-05,80.2300033569336,244.67999267578125,110.3499984741211,623.280029296875,187.32000732421875,677.5800170898438,6796.2900390625,72.41999816894531,25620.029296875
2025-11-06,80.26000213623047,240.35000610351562,110.93000030517578,611.6699829101562,186.0,670.3099975585938,6720.31982421875,72.44000244140625,25130.0390625
2025-11-07,80.33000183105469,241.61000061035156,110.70999908447266,609.739990234375,187.55999755859375,670.969970703125,6728.7998046875,74.41000366210938,25059.810546875
2025-11-10,80.5999984741211,244.02999877929688,110.7699966430664,623.22998046875,188.63999938964844,681.4400024414062,6832.43017578125,78.86000061035156,25611.740234375
2025-11-11,80.69000244140625,244.24000549316406,111.20999908447266,621.5700073242188,189.72999572753906,683.0,6846.60986328125,,25533.490234375
2025-11-12,80.52999877929688,243.63999938964844,111.0999984741211,621.0800170898438,190.17999267578125,683.3800048828125,6850.919921875,81.12000274658203,25517.330078125
2025-11-13,80.19999694824219,236.7899932861328,110.55000305175781,608.4000244140625,188.02999877929688,672.0399780273438,6737.490234375,79.0999984741211,24993.4609375
2025-11-14,80.22000122070312,237.47999572753906,110.25,608.8599853515625,187.33999633789062,671.9299926757812,6734.10986328125,79.70999908447266,25008.240234375
2025-11-17,80.08999633789062,232.75999450683594,110.31999969482422,603.6599731445312,184.8800048828125,665.6699829101562,6672.41015625,82.58000183105469,24799.919921875
2025-11-18,80.11000061035156,233.47000122070312,110.37000274658203,596.3099975585938,184.99000549316406,660.0800170898438,6617.31982421875,83.18000030517578,24503.099609375
2025-11-19,80.1500015258789,233.42999267578125,110.37999725341797,599.8699951171875,184.42999267578125,662.6300048828125,6642.16015625,84.31999969482422,24640.51953125
2025-11-20,80.0999984741211,229.11000061035156,110.52999877929688,585.6699829101562,182.17999267578125,652.530029296875,6538.759765625,77.80999755859375,24054.380859375
2025-11-21,80.37000274658203,235.60000610351562,110.91999816894531,590.0700073242188,185.75999450683594,659.030029296875,6602.990234375,78.80999755859375,24239.5703125
2025-11-24,80.58999633789062,239.89999389648438,111.36000061035156,605.1599731445312,186.52999877929688,668.72998046875,6705.1201171875,76.81999969482422,24873.849609375
2025-11-25,80.87000274658203,245.1300048828125,111.66999816894531,608.8900146484375,189.17999267578125,675.02001953125,6765.8798828125,72.81999969482422,25018.359375
2025-11-26,80.94999694824219,247.3000030517578,112.05000305175781,614.27001953125,190.5,679.6799926757812,6812.60986328125,71.9000015258789,25236.939453125
2025-11-28,80.98999786376953,248.75,111.86000061035156,619.25,191.52999877929688,683.3900146484375,6849.08984375,68.94999694824219,25434.890625
2025-12-01,80.47000122070312,245.6199951171875,110.8499984741211,617.1699829101562,190.22000122070312,680.27001953125,6812.6298828125,71.3499984741211,25342.849609375
2025-12-02,80.62000274658203,245.1699981689453,110.91999816894531,622.0,190.0399932861328,681.530029296875,6829.3701171875,69.91000366210938,25555.859375
2025-12-03,80.69000244140625,249.6300048828125,111.16999816894531,623.52001953125,191.49000549316406,683.8900146484375,6849.72021484375,66.45999908447266,25606.5390625
2025-12-04,80.75,251.82000732421875,110.97000122070312,622.9400024414062,191.5500030517578,684.3900146484375,6857.1201171875,65.69000244140625,25581.69921875
2025-12-05,80.75,250.77000427246094,110.86000061035156,625.47998046875,192.0,685.6900024414062,6870.39990234375,67.27999877929688,25692.05078125
2025-12-08,80.55000305175781,250.8699951171875,110.62999725341797,624.280029296875,190.85000610351562,683.6300048828125,6846.509765625,72.30000305175781,25627.94921875
2025-12-09,80.45999908447266,251.38999938964844,110.48999786376953,625.0499877929688,190.49000549316406,683.0399780273438,6840.509765625,75.37999725341797,25668.689453125
2025-12-10,80.7300033569336,254.80999755859375,111.0,627.6099853515625,193.1699981689453,687.5700073242188,6886.68017578125,68.62000274658203,25776.439453125
2025-12-11,80.72000122070312,257.79998779296875,110.83999633789062,625.5800170898438,194.72999572753906,689.1699829101562,6901.0,69.23999786376953,25686.689453125
2025-12-12,80.56999969482422,253.85000610351562,110.16999816894531,613.6199951171875,193.41000366210938,681.760009765625,6827.41015625,69.25,25196.73046875
2025-12-15,80.61000061035156,251.92999267578125,110.30000305175781,610.5399780273438,193.64999389648438,680.72998046875,6816.509765625,73.30999755859375,25067.26953125
2025-12-16,80.66000366210938,249.89999389648438,110.55000305175781,611.75,192.2899932861328,678.8699951171875,6800.259765625,67.13999938964844,25132.939453125
2025-12-17,80.55999755859375,247.24000549316406,110.43000030517578,600.4099731445312,191.77000427246094,671.4000244140625,6721.43017578125,62.7400016784668,24647.609375
2025-12-18,80.77999877929688,248.7100067138672,110.8499984741211,609.1099853515625,192.17999267578125,676.469970703125,6774.759765625,60.0099983215332,25019.369140625
2025-12-19,80.36000061035156,250.7899932861328,110.12999725341797,617.0499877929688,192.8800048828125,680.5900268554688,6834.5,59.40999984741211,25346.1796875
2025-12-22,80.43000030517578,253.5800018310547,110.11000061035156,619.2100219726562,193.5399932861328,684.8300170898438,6878.490234375,61.70000076293945,25461.69921875
2025-12-23,80.48999786376953,252.0800018310547,110.22000122070312,622.1099853515625,193.08999633789062,687.9600219726562,6909.7900390625,61.16999816894531,25587.830078125
2025-12-24,80.63999938964844,252.7100067138672,110.6500015258789,623.9299926757812,193.7899932861328,690.3800048828125,6932.0498046875,59.47999954223633,25656.150390625
2025-12-26,80.5999984741211,251.4199981689453,110.63999938964844,623.8900146484375,193.83999633789062,690.3099975585938,6929.93994140625,58.5,25644.390625
2025-12-29,80.62999725341797,249.8800048828125,110.79000091552734,620.8699951171875,193.52000427246094,687.8499755859375,6905.740234375,59.209999084472656,25525.560546875
2025-12-30,80.70999908447266,248.02999877929688,110.66000366210938,619.4299926757812,193.2100067138672,687.010009765625,6896.240234375,63.97999954223633,25462.560546875
2025-12-31,80.62999725341797,246.16000366210938,110.19000244140625,614.3099975585938,191.55999755859375,681.9199829101562,6845.5,63.959999084472656,25249.849609375
2026-01-02,80.66999816894531,248.77999877929688,110.16000366210938,613.1199951171875,192.86000061035156,683.1699829101562,6858.47021484375,62.36000061035156,25206.169921875
2026-01-05,80.87999725341797,252.72999572753906,110.47000122070312,617.989990234375,194.64999389648438,687.719970703125,6902.0498046875,64.70999908447266,25401.3203125
2026-01-06,80.9000015258789,256.0799865722656,110.47000122070312,623.4199829101562,197.0,691.8099975585938,6944.81982421875,65.81999969482422,25639.7109375
2026-01-07,80.87999725341797,255.47999572753906,110.55000305175781,624.02001953125,194.7899932861328,689.5800170898438,6920.93017578125,66.1500015258789,25653.900390625
2026-01-08,80.94000244140625,258.2699890136719,110.23999786376953,620.469970703125,196.4600067138672,689.510009765625,6921.4599609375,66.94000244140625,25507.099609375
2026-01-09,81.0,260.2300109863281,110.63999938964844,626.6500244140625,197.60000610351562,694.0700073242188,6966.27978515625,61.54999923706055,25766.259765625
2026-01-12,81.04000091552734,261.5,110.51000213623047,627.1699829101562,197.77999877929688,695.1599731445312,6977.27001953125,62.900001525878906,25787.66015625
2026-01-13,81.04000091552734,261.3500061035156,110.75,626.239990234375,197.77999877929688,693.77001953125,6963.740234375,60.790000915527344,25741.94921875
2026-01-14,81.04000091552734,263.19000244140625,111.02999877929688,619.5499877929688,198.67999267578125,690.3599853515625,6926.60009765625,58.11000061035156,25465.939453125
2026-01-15,81.04000091552734,265.510009765625,110.88999938964844,621.780029296875,199.55999755859375,692.239990234375,6944.47021484375,56.13999938964844,25547.0703125
2026-01-16,81.08999633789062,265.760009765625,110.56999969482422,621.260009765625,199.0500030517578,691.6599731445312,6940.009765625,58.04999923706055,25529.259765625
2026-01-20,80.87999725341797,262.5799865722656,109.9000015258789,608.0599975585938,196.0800018310547,677.5800170898438,6796.85986328125,66.66999816894531,24987.5703125
2026-01-21,81.12000274658203,267.7900085449219,110.55999755859375,616.280029296875,199.39999389648438,685.4000244140625,6875.6201171875,59.560001373291016,25326.580078125
2026-01-22,81.18000030517578,269.7900085449219,110.7699966430664,620.760009765625,199.66000366210938,688.97998046875,6913.35009765625,56.5,25518.349609375
2026-01-23,81.13999938964844,264.80999755859375,110.83999633789062,622.719970703125,198.77000427246094,689.22998046875,6915.60986328125,56.25,25605.470703125
2026-01-26,81.18000030517578,263.9800109863281,110.93000030517578,625.4600219726562,199.24000549316406,692.72998046875,6950.22998046875,55.77000045776367,25713.2109375
2026-01-27,81.16999816894531,264.7300109863281,110.80999755859375,631.1300048828125,198.92999267578125,695.489990234375,6978.60009765625,56.119998931884766,25939.740234375
2026-01-28,81.04000091552734,263.29998779296875,110.6500015258789,633.219970703125,198.25999450683594,695.4199829101562,6978.02978515625,57.43000030517578,26022.7890625
2026-01-29,81.02999877929688,263.3699951171875,110.68000030517578,629.4299926757812,198.52000427246094,694.0399780273438,6969.009765625,60.72999954223633,25884.30078125
2026-01-30,81.12000274658203,259.6499938964844,110.56999969482422,621.8699951171875,198.0800018310547,691.969970703125,6939.02978515625,59.20000076293945,25552.390625
2026-02-02,80.7699966430664,262.17999267578125,110.05999755859375,626.1400146484375,199.10000610351562,695.4099731445312,6976.43994140625,59.29999923706055,25738.609375
2026-02-03,80.72000122070312,262.7799987792969,110.11000061035156,616.52001953125,198.57000732421875,689.530029296875,6917.81005859375,57.540000915527344,25338.619140625
2026-02-04,80.62000274658203,260.5199890136719,109.97000122070312,605.75,200.3000030517578,686.1900024414062,6882.72021484375,57.5099983215332,24891.240234375
2026-02-05,80.52999877929688,255.8300018310547,110.5,597.030029296875,198.55999755859375,677.6199951171875,6798.39990234375,62.15999984741211,24548.689453125
2026-02-06,80.80999755859375,265.0199890136719,110.55999755859375,609.6500244140625,202.25999450683594,690.6199951171875,6932.2998046875,63.619998931884766,25075.76953125
2026-02-09,80.91999816894531,266.8800048828125,110.55999755859375,614.3200073242188,202.3800048828125,693.9500122070312,6964.81982421875,62.7400016784668,25268.140625
2026-02-10,80.83999633789062,266.1600036621094,110.81999969482422,611.469970703125,203.10000610351562,692.1199951171875,6941.81005859375,64.55000305175781,25127.640625
2026-02-11,80.83000183105469,264.95001220703125,110.69999694824219,613.1099853515625,203.4600067138672,691.9600219726562,6941.47021484375,61.349998474121094,25201.259765625
2026-02-12,80.79000091552734,259.5400085449219,111.22000122070312,600.6400146484375,200.7899932861328,681.27001953125,6832.759765625,68.56999969482422,24687.609375
2026-02-13,80.8499984741211,262.9599914550781,111.58999633789062,601.9199829101562,202.8699951171875,681.75,6836.169921875,70.0999984741211,24732.73046875
2026-02-17,80.80999755859375,263.0400085449219,111.69999694824219,601.2999877929688,202.52000427246094,682.8499755859375,6843.22021484375,68.83999633789062,24701.599609375
2026-02-18,80.91000366210938,263.989990234375,111.58999633789062,605.7899780273438,203.57000732421875,686.2899780273438,6881.31005859375,64.19000244140625,24898.869140625
2026-02-19,80.94000244140625,264.6000061035156,111.68000030517578,603.469970703125,203.13999938964844,684.47998046875,6861.89013671875,68.02999877929688,24797.33984375
2026-02-20,81.0,264.6099853515625,111.58999633789062,608.8099975585938,204.08999633789062,689.4299926757812,6909.509765625,64.2699966430664,25012.619140625
2026-02-23,80.87000274658203,260.489990234375,111.70999908447266,601.4099731445312,201.85000610351562,682.3900146484375,6837.75,68.02999877929688,24708.939453125
2026-02-24,80.80999755859375,263.3299865722656,111.68000030517578,607.8699951171875,203.4600067138672,687.3499755859375,6890.06982421875,65.2699966430664,24977.0390625
2026-02-25,80.91999816894531,264.5799865722656,111.6500015258789,616.6799926757812,203.5800018310547,693.1500244140625,6946.1298828125,62.43000030517578,25329.0390625
2026-02-26,80.8499984741211,265.989990234375,111.72000122070312,609.239990234375,204.72999572753906,689.2999877929688,6908.85986328125,63.93000030517578,25034.369140625
2026-02-27,80.72000122070312,261.4100036621094,111.68000030517578,607.2899780273438,204.97000122070312,685.989990234375,6878.8798828125,73.37999725341797,24960.0390625
2026-03-02,80.27999877929688,263.80999755859375,110.91999816894531,608.0900268554688,204.58999633789062,686.3800048828125,6881.6201171875,73.20999908447266,24992.599609375
2026-03-03,80.12000274658203,259.239990234375,110.87000274658203,601.5800170898438,202.0800018310547,680.3300170898438,6816.6298828125,77.75,24720.080078125
2026-03-04,80.4000015258789,261.760009765625,110.97000122070312,610.75,202.88999938964844,685.1300048828125,6869.5,70.02999877929688,25093.6796875
2026-03-05,80.08000183105469,256.760009765625,110.52999877929688,608.9099731445312,200.5399932861328,681.3099975585938,6830.7099609375,74.52999877929688,25020.41015625
2026-03-06,79.69000244140625,250.88999938964844,110.16000366210938,599.75,198.14999389648438,672.3800048828125,6740.02001953125,81.26000213623047,24643.01953125
2026-03-09,80.16999816894531,253.6199951171875,110.81999969482422,607.760009765625,198.7100067138672,678.27001953125,6795.990234375,79.73999786376953,24967.25
2026-03-10,80.04000091552734,253.36000061035156,110.05999755859375,607.77001953125,197.22000122070312,677.1799926757812,6781.47998046875,76.33000183105469,24956.470703125
2026-03-11,79.86000061035156,252.85000610351562,109.16000366210938,607.6900024414062,196.57000732421875,676.3300170898438,6775.7998046875,78.58999633789062,24965.009765625
2026-03-12,79.3499984741211,247.41000366210938,108.56999969482422,597.260009765625,193.52999877929688,666.0599975585938,6672.6201171875,95.30000305175781,24533.580078125
2026-03-13,79.19999694824219,246.58999633789062,108.16999816894531,593.719970703125,193.52000427246094,662.2899780273438,6632.18994140625,91.16999816894531,24380.73046875
2026-03-16,79.44999694824219,248.9199981689453,108.69000244140625,600.3800048828125,194.9600067138672,669.030029296875,6699.3798828125,85.25,24655.33984375
2026-03-17,79.80999755859375,250.0500030517578,109.30000305175781,603.3099975585938,196.0500030517578,670.7899780273438,6716.08984375,79.2300033569336,24780.419921875
2026-03-18,79.4000015258789,246.02000427246094,108.70999908447266,594.9000244140625,193.47000122070312,661.4299926757812,6624.7001953125,81.25,24425.08984375
2026-03-19,79.66000366210938,247.6300048828125,109.19000244140625,593.02001953125,193.32000732421875,659.7999877929688,6606.490234375,84.87999725341797,24355.279296875
2026-03-20,78.91999816894531,242.22000122070312,107.8499984741211,582.0599975585938,190.47999572753906,648.5700073242188,6506.47998046875,108.83999633789062,23898.150390625
2026-03-23,79.44000244140625,247.4499969482422,108.55999755859375,588.0,191.69000244140625,655.3800048828125,6581.0,98.1500015258789,24188.58984375
2026-03-24,79.16999816894531,248.77999877929688,108.33999633789062,583.97998046875,191.9199981689453,653.1799926757812,6556.3701171875,103.01000213623047,24002.44921875
2026-03-25,79.41999816894531,251.82000732421875,108.7300033569336,587.8200073242188,192.85000610351562,656.8200073242188,6591.89990234375,97.58999633789062,24162.98046875
2026-03-26,78.91999816894531,247.44000244140625,107.87999725341797,573.7899780273438,191.0800018310547,645.0900268554688,6477.16015625,115.0199966430664,23586.990234375
2026-03-27,78.72000122070312,243.10000610351562,107.62000274658203,562.5800170898438,188.4600067138672,634.0900268554688,6368.85009765625,111.94999694824219,23132.76953125
2026-03-30,78.80999755859375,239.61000061035156,108.30999755859375,558.280029296875,188.07000732421875,631.969970703125,6343.72021484375,108.33000183105469,22953.380859375
2026-03-31,79.55999755859375,248.0,108.98999786376953,577.1799926757812,191.9199981689453,650.3400268554688,6528.52001953125,96.05000305175781,23740.189453125
2026-04-01,79.37000274658203,249.55999755859375,108.66000366210938,584.3099975585938,192.5399932861328,655.239990234375,6575.31982421875,90.19000244140625,24019.990234375
2026-04-02,79.55999755859375,251.2899932861328,109.12000274658203,584.97998046875,193.08999633789062,655.8300170898438,6582.68994140625,84.41000366210938,24045.529296875
2026-04-06,79.69999694824219,252.36000061035156,108.94999694824219,588.5,193.9199981689453,658.9299926757812,6611.830078125,81.68000030517578,24192.169921875
2026-04-07,79.72000122070312,252.91000366210938,109.06999969482422,588.5900268554688,193.49000549316406,659.219970703125,6616.85009765625,83.1500015258789,24202.369140625
2026-04-08,80.19000244140625,260.4700012207031,109.48999786376953,606.0900268554688,197.9600067138672,676.010009765625,6782.81005859375,78.73999786376953,24903.169921875
2026-04-09,80.27999877929688,261.9599914550781,109.48999786376953,610.1900024414062,198.0800018310547,679.9099731445312,6824.66015625,74.01000213623047,25082.08984375
2026-04-10,79.95999908447266,261.29998779296875,109.19999694824219,611.0700073242188,196.64999389648438,679.4600219726562,6816.89013671875,72.1500015258789,25116.33984375
2026-04-13,80.26000213623047,265.07000732421875,109.62000274658203,617.3900146484375,198.8300018310547,686.0999755859375,6886.240234375,74.41999816894531,25383.720703125
2026-04-14,80.5,268.7200012207031,109.9800033569336,628.5999755859375,199.66000366210938,694.4600219726562,6967.3798828125,74.3499984741211,25842.0
2026-04-15,80.45999908447266,269.3900146484375,109.94000244140625,637.4000244140625,199.72999572753906,699.9400024414062,7022.9501953125,67.94000244140625,26204.580078125
2026-04-16,80.3499984741211,269.95001220703125,109.43000030517578,640.469970703125,200.63999938964844,701.6599731445312,7041.27978515625,65.88999938964844,26333.0
2026-04-17,80.6500015258789,275.7799987792969,110.04000091552734,648.8499755859375,203.16000366210938,710.1400146484375,7126.06005859375,65.69999694824219,26672.4296875
2026-04-20,80.58000183105469,277.3500061035156,110.02999877929688,646.7899780273438,203.8000030517578,708.719970703125,7109.14013671875,67.9000015258789,26590.33984375
2026-04-21,80.37000274658203,274.510009765625,109.61000061035156,644.3300170898438,202.5500030517578,704.0800170898438,7064.009765625,70.77999877929688,26479.470703125
2026-04-22,80.5,276.4800109863281,109.81999969482422,655.1099853515625,202.4600067138672,711.2100219726562,7137.89990234375,69.87999725341797,26937.279296875
2026-04-23,80.37000274658203,275.5199890136719,109.5199966430664,651.4199829101562,202.4499969482422,708.4500122070312,7108.39990234375,67.69999694824219,26782.630859375
2026-04-24,80.4800033569336,276.6499938964844,109.5999984741211,663.8800048828125,202.02999877929688,713.9400024414062,7165.080078125,66.97000122070312,27303.669921875
2026-04-27,80.51000213623047,277.1400146484375,109.29000091552734,664.22998046875,201.7899932861328,715.1699829101562,7173.91015625,68.41999816894531,27305.6796875
2026-04-28,80.4000015258789,273.9100036621094,109.33999633789062,657.5499877929688,200.75999450683594,711.6900024414062,7138.7998046875,68.68000030517578,27029.009765625
2026-04-29,80.12999725341797,272.0799865722656,108.7300033569336,661.5700073242188,200.41000366210938,711.5800170898438,7135.9501953125,74.33000183105469,27186.98046875
2026-04-30,80.37999725341797,277.9700012207031,108.8499984741211,667.739990234375,203.44000244140625,718.6599731445312,7209.009765625,72.06999969482422,27452.119140625
2026-05-01,80.05999755859375,279.2799987792969,108.5999984741211,674.1500244140625,202.82000732421875,720.6500244140625,7230.1201171875,70.41000366210938,27710.359375
2026-05-04,79.80000305175781,277.8800048828125,108.25,672.8800048828125,201.63999938964844,718.010009765625,7200.75,77.86000061035156,27651.8203125
2026-05-05,79.91999816894531,282.55999755859375,108.6500015258789,681.6099853515625,203.24000549316406,723.77001953125,7259.22021484375,76.77999877929688,28015.060546875
2026-05-06,80.16000366210938,286.79998779296875,109.19000244140625,695.77001953125,204.85000610351562,733.8300170898438,7365.1201171875,70.62999725341797,28599.169921875
2026-05-07,79.86000061035156,282.260009765625,108.73999786376953,694.9400024414062,203.5399932861328,731.5800170898438,7337.10986328125,72.23999786376953,28563.94921875
2026-05-08,80.13999938964844,284.1700134277344,109.19999694824219,711.22998046875,204.10000610351562,737.6199951171875,7398.93017578125,67.25,29234.990234375
2026-05-11,79.9800033569336,285.3299865722656,108.93000030517578,713.2899780273438,203.99000549316406,739.2999877929688,7412.83984375,70.73999786376953,29320.66015625
2026-05-12,79.87000274658203,282.57000732421875,108.55999755859375,707.239990234375,203.80999755859375,738.1799926757812,7400.9599609375,71.68000030517578,29064.80078125
2026-05-13,79.91000366210938,282.6700134277344,108.62000274658203,714.7100219726562,202.9199981689453,742.3099975585938,7444.25,70.23999786376953,29366.939453125
2026-05-14,79.8499984741211,284.45001220703125,108.55000305175781,719.7899780273438,203.66000366210938,748.1699829101562,7501.240234375,69.62999725341797,29580.30078125
2026-05-15,79.45999908447266,277.6000061035156,107.86000061035156,708.9299926757812,201.55999755859375,739.1699829101562,7408.5,79.87000274658203,29125.19921875
2026-05-18,79.54000091552734,275.9700012207031,107.66000366210938,705.8800048828125,202.8000030517578,738.6500244140625,7403.0498046875,86.06999969482422,28994.369140625
2026-05-19,79.3499984741211,273.0,107.12000274658203,701.530029296875,201.6199951171875,733.72998046875,7353.60986328125,85.31999969482422,28818.83984375
2026-05-20,79.86000061035156,279.8699951171875,107.94999694824219,713.1500244140625,203.8300018310547,741.25,7432.97021484375,81.52999877929688,29297.69921875
2026-05-21,79.9000015258789,282.489990234375,108.16999816894531,714.510009765625,204.7100067138672,742.719970703125,7445.72021484375,79.72000122070312,29357.26953125
2026-05-22,79.91000366210938,285.1199951171875,108.37000274658203,717.5399780273438,206.5800018310547,745.6400146484375,7473.47021484375,78.43000030517578,29481.640625
2026-05-26,80.18000030517578,290.510009765625,108.77999877929688,730.280029296875,207.63999938964844,750.5900268554688,7519.1201171875,74.94999694824219,30001.3203125
2026-05-27,80.12999725341797,290.3699951171875,108.93000030517578,729.4500122070312,207.49000549316406,750.4600219726562,7520.35986328125,70.9000015258789,29973.5703125
2026-05-28,80.2300033569336,292.0299987792969,109.26000213623047,735.5999755859375,208.25,754.5999755859375,7563.6298828125,69.73999786376953,30223.890625
2026-05-29,80.30999755859375,290.42999267578125,109.36000061035156,738.3099975585938,208.8300018310547,756.47998046875,7580.06005859375,70.22000122070312,30333.1796875
2026-06-01,79.83999633789062,288.9800109863281,108.93000030517578,742.739990234375,209.2100067138672,758.5399780273438,7599.9599609375,73.33000183105469,30513.859375
2026-06-02,79.9000015258789,291.6600036621094,108.91999816894531,746.1599731445312,210.0399932861328,759.5700073242188,7609.77978515625,73.43000030517578,30660.599609375
2026-06-03,79.68000030517578,287.6700134277344,108.62000274658203,744.2100219726562,209.25,754.239990234375,7553.68017578125,73.58000183105469,30571.240234375
2026-06-04,79.83000183105469,292.010009765625,108.8499984741211,740.6099853515625,210.8300018310547,757.0900268554688,7584.31005859375,71.16000366210938,30407.810546875
2026-06-05,79.43000030517578,281.6499938964844,108.16999816894531,705.0599975585938,207.8300018310547,737.5499877929688,7383.740234375,75.19999694824219,28957.599609375
2026-06-08,79.54000091552734,284.1099853515625,108.05999755859375,716.0700073242188,207.61000061035156,739.219970703125,7405.72998046875,76.9800033569336,29414.259765625
2026-06-09,79.62000274658203,285.0199890136719,108.41000366210938,707.8300170898438,209.19000244140625,737.0499877929688,7386.64990234375,77.02999877929688,29084.5
2026-06-10,79.47000122070312,282.04998779296875,108.16000366210938,693.6900024414062,206.52999877929688,725.4299926757812,7266.990234375,73.94999694824219,28508.029296875
2026-06-11,79.94000244140625,290.4100036621094,109.08000183105469,717.1199951171875,209.75,737.760009765625,7394.2998046875,69.44999694824219,29446.1796875
2026-06-12,79.94000244140625,292.95001220703125,109.01000213623047,721.3400268554688,211.64999389648438,741.75,7431.4599609375,69.36000061035156,29635.94921875
2026-06-15,80.04000091552734,294.6400146484375,108.98999786376953,744.0,212.8800048828125,754.8300170898438,7554.2900390625,69.37999725341797,30543.919921875
2026-06-16,80.02999877929688,292.0799865722656,109.12000274658203,729.8599853515625,212.1699981689453,750.3300170898438,7511.35009765625,67.27999877929688,29968.130859375
2026-06-17,79.7300033569336,289.8800048828125,108.7699966430664,722.510009765625,208.99000549316406,740.9600219726562,7420.10009765625,70.66000366210938,29670.94921875
2026-06-18,80.01000213623047,295.5899963378906,109.06999969482422,740.6199951171875,209.9600067138672,746.739990234375,7500.580078125,65.38999938964844,30406.189453125
2026-06-22,79.94000244140625,298.17999267578125,108.77999877929688,737.9500122070312,209.61000061035156,744.3900146484375,7472.7900390625,70.0199966430664,30347.080078125
2026-06-23,79.87000274658203,295.32000732421875,108.91000366210938,713.6500244140625,208.88999938964844,733.5800170898438,7365.4599609375,68.77999877929688,29347.26953125
2026-06-24,79.8499984741211,296.69000244140625,109.41000366210938,710.6199951171875,210.3800048828125,733.239990234375,7358.22021484375,69.05999755859375,29220.060546875
2026-06-25,79.87999725341797,298.9100036621094,109.5,716.3800048828125,211.75,734.2999877929688,7357.490234375,67.0999984741211,29440.3203125
2026-06-26,79.83000183105469,299.8299865722656,109.5,706.52001953125,210.30999755859375,728.989990234375,7354.02001953125,66.79000091552734,29118.240234375
2026-06-29,80.01000213623047,298.9700012207031,109.69999694824219,724.0800170898438,213.0500030517578,741.0,7440.43017578125,68.13999938964844,29774.75
2026-06-30,79.97000122070312,300.45001220703125,109.06999969482422,736.4000244140625,212.77000427246094,746.77001953125,7499.35986328125,71.95999908447266,30276.349609375
2026-07-01,79.58999633789062,299.32000732421875,108.45999908447266,725.1699829101562,213.41000366210938,745.760009765625,7483.22998046875,68.55999755859375,29809.130859375
2026-07-02,79.70999908447266,297.5799865722656,108.63999938964844,712.5999755859375,214.91000366210938,744.780029296875,7483.240234375,65.4000015258789,29329.2109375
2026-07-06,79.87000274658203,298.8999938964844,108.66999816894531,722.8200073242188,215.0,751.280029296875,7537.43017578125,65.76000213623047,29697.869140625
2026-07-07,79.76000213623047,296.19000244140625,107.87999725341797,709.4299926757812,214.72999572753906,747.7100219726562,7503.85009765625,70.25,29173.01953125
2026-07-08,79.66000366210938,293.4800109863281,107.66999816894531,711.4400024414062,212.1999969482422,745.4000244140625,7482.7099609375,72.41000366210938,29252.560546875
2026-07-09,79.75,297.239990234375,107.70999908447266,723.280029296875,213.5,751.7100219726562,7543.64013671875,68.88999938964844,29727.099609375
2026-07-10,79.70999908447266,295.989990234375,107.45999908447266,725.510009765625,214.3000030517578,754.9500122070312,7575.39013671875,69.55000305175781,29825.109375
2026-07-13,79.5199966430664,293.4800109863281,106.95999908447266,711.739990234375,214.22999572753906,749.1699829101562,7515.33984375,77.7699966430664,29264.099609375
2026-07-14,79.68000030517578,294.510009765625,107.20999908447266,719.6900024414062,213.4499969482422,751.8300170898438,7543.58984375,75.02999877929688,29586.2890625
2026-07-15,79.80999755859375,295.7699890136719,107.58000183105469,717.739990234375,212.97000122070312,754.8099975585938,7572.39990234375,68.4800033569336,29502.599609375
2026-07-16,79.80000305175781,295.5899963378906,107.5,705.9400024414062,215.05999755859375,750.719970703125,7533.77001953125,68.16000366210938,29025.76953125
2026-07-17,79.6500015258789,294.0400085449219,107.55999755859375,695.3300170898438,213.3699951171875,743.2899780273438,7457.68994140625,70.87999725341797,28592.66015625
2026-07-20,79.68000030517578,292.30999755859375,107.1500015258789,696.0599975585938,212.4199981689453,742.0900268554688,7443.27978515625,72.66000366210938,28604.23046875
2026-07-21,79.6500015258789,296.5400085449219,106.8499984741211,708.969970703125,212.75999450683594,748.280029296875,7509.2001953125,74.66999816894531,29155.1796875
2026-07-22,79.5199966430664,293.7900085449219,106.66999816894531,705.3499755859375,212.6999969482422,747.4099731445312,7498.9599609375,76.30999755859375,28998.099609375
2026-07-23,79.2300033569336,292.0899963378906,106.26000213623047,691.9600219726562,211.9199981689453,738.1799926757812,7408.2998046875,80.08000183105469,28454.810546875
2026-07-24,79.2300033569336,291.1700134277344,106.2300033569336,684.22998046875,213.57000732421875,738.9299926757812,7411.97998046875,76.81999969482422,28128.33984375
2026-07-27,79.2699966430664,292.9100036621094,106.51000213623047,682.1199951171875,215.17999267578125,739.0900268554688,7413.18017578125,77.20999908447266,28039.2109375
2026-07-28,79.41999816894531,293.3699951171875,106.83000183105469,675.489990234375,217.69000244140625,740.8599853515625,7428.77978515625,76.08999633789062,27763.130859375
2026-07-29,79.23999786376953,288.57000732421875,106.22000122070312,661.72998046875,215.72999572753906,729.4600219726562,7316.14990234375,74.18000030517578,27192.310546875
2026-07-30,79.47000122070312,292.5899963378906,106.41000366210938,683.5499877929688,215.3800048828125,741.6900024414062,7437.6298828125,77.08999633789062,28106.349609375
2026-07-31,79.4800033569336,291.20001220703125,106.25,687.989990234375,215.00999450683594,747.030029296875,7489.72021484375,83.0199966430664,28274.19921875
2026-08-03,79.30999755859375,296.2200012207031,106.11000061035156,700.0700073242188,217.11000061035156,757.6699829101562,7600.5,80.4800033569336,28776.80078125
2026-08-04,79.55000305175781,301.7099914550781,106.76000213623047,723.8499755859375,220.22999572753906,771.3300170898438,7736.52001953125,77.55999755859375,29733.16015625
2026-08-05,79.5199966430664,299.7699890136719,106.73999786376953,717.2999877929688,219.72999572753906,769.7899780273438,7723.5498046875,73.58000183105469,29487.7890625
2026-08-06,79.45999908447266,298.25,106.36000061035156,714.6500244140625,218.5800018310547,768.5599975585938,7709.9599609375,76.12000274658203,29373.330078125
2026-08-07,79.61000061035156,301.55999755859375,106.55000305175781,723.030029296875,220.08999633789062,773.260009765625,7757.64013671875,72.02999877929688,29722.30078125
2026-08-10,79.4800033569336,299.9800109863281,105.95999908447266,720.8699951171875,220.22000122070312,773.030029296875,7753.10986328125,75.45999908447266,29621.80078125
2026-08-11,79.51000213623047,300.989990234375,105.98999786376953,718.4500122070312,220.69000244140625,770.5599975585938,7728.2001953125,77.91999816894531,29525.48046875
2026-08-12,79.61000061035156,302.7099914550781,106.12000274658203,723.7000122070312,221.0800018310547,772.489990234375,7748.5,72.08999633789062,29742.599609375
2026-08-13,79.79000091552734,303.5,106.55000305175781,732.0700073242188,222.72999572753906,777.8800048828125,7798.990234375,69.2300033569336,30084.5
2026-08-14,79.70999908447266,305.0899963378906,106.12000274658203,731.0700073242188,222.77000427246094,776.3400268554688,7785.759765625,69.58000183105469,30046.140625
2026-08-17,79.61000061035156,304.05999755859375,105.69999694824219,729.8699951171875,220.7899932861328,772.6699829101562,7745.06005859375,75.62999725341797,29995.380859375
2026-08-18,79.52999877929688,300.2300109863281,105.83999633789062,717.510009765625,219.7899932861328,767.4500122070312,7691.759765625,74.9800033569336,29490.9609375
2026-08-19,79.70999908447266,301.7200012207031,106.56999969482422,716.0800170898438,222.07000732421875,769.0599975585938,7707.97998046875,71.26000213623047,29426.01953125
2026-08-20,79.55999755859375,297.6700134277344,106.05999755859375,710.9299926757812,220.27999877929688,762.5999755859375,7641.16015625,73.18000030517578,29213.16015625
2026-08-21,79.61000061035156,299.9599914550781,105.91999816894531,713.4400024414062,221.6699981689453,765.719970703125,7674.3701171875,73.4000015258789,29308.859375
2026-08-24,79.69999694824219,297.9700012207031,106.18000030517578,706.3200073242188,221.92999267578125,763.469970703125,7652.85986328125,73.9800033569336,29023.1796875
2026-08-25,79.91999816894531,299.2300109863281,106.86000061035156,710.719970703125,221.77000427246094,765.9099731445312,7677.27978515625,71.91999816894531,29209.23046875
2026-08-26,79.9000015258789,298.92999267578125,106.77999877929688,711.3699951171875,222.11000061035156,766.0800170898438,7675.7001953125,69.44000244140625,29224.51953125
2026-08-27,79.87000274658203,299.80999755859375,106.7300033569336,721.1099853515625,221.4499969482422,771.0999755859375,7730.990234375,69.86000061035156,29641.560546875
2026-08-28,79.73999786376953,295.75,106.3499984741211,716.4299926757812,220.69000244140625,769.3499755859375,7711.759765625,70.97000122070312,29433.4296875
2026-08-31,79.80999755859375,293.92999267578125,106.20999908447266,716.760009765625,219.38999938964844,767.0499877929688,7686.14013671875,75.31999969482422,29456.970703125
2026-09-01,79.0999984741211,290.57000732421875,105.22000122070312,707.6400146484375,217.58999633789062,761.780029296875,7631.47021484375,77.87999725341797,29077.220703125
2026-09-02,79.11000061035156,294.010009765625,105.3499984741211,709.239990234375,218.60000610351562,765.1599731445312,7666.60009765625,79.70999908447266,29143.330078125
2026-09-03,79.20999908447266,295.19000244140625,105.5,717.6699829101562,220.0500030517578,773.1699829101562,7747.7099609375,74.68000030517578,29482.3203125
2026-09-04,79.16000366210938,296.010009765625,105.4800033569336,718.9600219726562,219.0,770.1900024414062,7718.60009765625,73.0999984741211,29544.150390625
2026-09-08,79.12000274658203,294.6700134277344,105.4800033569336,718.3599853515625,216.72999572753906,765.9600219726562,7673.52001953125,76.13999938964844,29507.69921875
2026-09-09,78.9800033569336,290.6400146484375,105.30999755859375,716.3099975585938,214.63999938964844,762.4000244140625,7636.35986328125,76.73999786376953,29421.55078125
2026-09-10,78.62000274658203,287.70001220703125,104.36000061035156,708.6900024414062,213.1699981689453,757.8300170898438,7591.7001953125,82.08999633789062,29103.509765625
2026-09-11,78.5999984741211,288.8900146484375,104.31999969482422,714.8800048828125,214.8699951171875,764.2899780273438,7656.97998046875,82.20999908447266,29368.439453125
2026-09-14,78.52999877929688,287.9100036621094,104.30000305175781,709.1799926757812,215.00999450683594,760.8800048828125,7619.97998046875,83.9000015258789,29127.16015625
2026-09-15,78.37999725341797,285.1400146484375,104.27999877929688,704.5399780273438,213.9600067138672,757.3900146484375,7585.72998046875,83.70999908447266,28937.83984375
2026-09-16,78.41999816894531,283.9200134277344,104.44999694824219,704.719970703125,212.27999877929688,754.0499877929688,7551.81005859375,80.7300033569336,28945.060546875
2026-09-17,78.72000122070312,285.42999267578125,105.16000366210938,716.9199829101562,213.30999755859375,762.5999755859375,7637.759765625,76.22000122070312,29446.98046875
2026-09-18,78.52999877929688,284.1000061035156,104.69999694824219,721.4500122070312,212.2899932861328,761.6900024414062,7650.5,80.63999938964844,29644.169921875
2026-09-21,78.68000030517578,285.5799865722656,105.08999633789062,741.469970703125,212.67999267578125,773.5,7764.7001953125,81.19999694824219,30482.349609375
2026-09-22,78.66999816894531,287.2099914550781,105.08999633789062,747.4600219726562,212.8000030517578,773.3800048828125,7764.64013671875,78.55999755859375,30732.400390625
2026-09-23,78.0999984741211,281.9200134277344,103.88999938964844,741.2100219726562,211.30999755859375,767.8099975585938,7706.02978515625,95.44999694824219,30470.2890625
2026-09-24,77.88999938964844,281.6600036621094,103.1500015258789,741.0999755859375,210.25999450683594,767.1799926757812,7704.1298828125,104.58000183105469,30478.859375
2026-09-25,77.86000061035156,281.9700012207031,103.20999908447266,744.5,211.11000061035156,771.3499755859375,7743.41015625,96.0,30608.130859375
2026-09-28,77.54000091552734,280.0199890136719,102.47000122070312,736.530029296875,209.74000549316406,765.6099853515625,7683.68994140625,101.81999969482422,30276.810546875
2026-09-29,77.36000061035156,279.010009765625,102.41000366210938,737.9299926757812,209.5,764.2000122070312,7670.83984375,106.5999984741211,30339.330078125
2026-09-30,77.20999908447266,277.8900146484375,102.18000030517578,739.77001953125,208.02000427246094,762.6300048828125,7651.5400390625,110.44999694824219,30408.5
2026-10-01,76.9000015258789,279.0199890136719,102.02999877929688,742.030029296875,209.0,763.989990234375,7666.4501953125,108.12999725341797,30501.560546875
2026-10-02,76.91000366210938,281.5199890136719,101.83000183105469,749.5800170898438,209.72999572753906,769.6400146484375,7722.72021484375,107.29000091552734,30807.9296875
2026-10-05,76.9800033569336,283.3800048828125,101.83000183105469,756.2000122070312,211.1199951171875,774.8300170898438,7773.9501953125,113.5999984741211,31076.439453125
2026-10-06,77.2249984741211,281.9800109863281,102.19999694824219,761.0399780273438,212.39500427246094,780.1099853515625,7829.52978515625,109.24649810791016,31287.1328125
